,track.id,Track_Name,Artists,Popularity,Danceability,Energy,Loudness,Speechiness,Acousticness,Valence,Chart_Type,Year,Genre,Markets
0,2YpeDb67231RjR0MgVLzsG,Old Town Road - Remix,Lil Nas X - Billy Ray Cyrus,83,0.9093799682034978,0.5328947368421052,0.7439261041682838,0.2152037188952693,0.0534405902546498,0.6393007302500553,Billboard_chart,2019,rap,"['AD', 'AE', 'AL', 'AR', 'AT', 'AU', 'BA', 'BE', 'BG', 'BH', 'BO', 'BR', 'BY', 'CA', 'CH', 'CL', 'CO', 'CR', 'CY', 'CZ', 'DE', 'DK', 'DO', 'DZ', 'EC', 'EE', 'EG', 'ES', 'FI', 'FR', 'GB', 'GR', 'GT', 'HK', 'HN', 'HR', 'HU', 'ID', 'IE', 'IL', 'IN', 'IS', 'IT', 'JO', 'JP', 'KW', 'KZ', 'LB', 'LI', 'LT', 'LU', 'LV', 'MA', 'MC', 'MD', 'ME', 'MK', 'MT', 'MX', 'MY', 'NI', 'NL', 'NO', 'NZ', 'OM', 'PA', 'PE', 'PH', 'PL', 'PS', 'PT', 'PY', 'QA', 'RO', 'RS', 'RU', 'SA', 'SE', 'SG', 'SI', 'SK', 'SV', 'TH', 'TN', 'TR', 'TW', 'UA', 'US', 'UY', 'VN', 'XK', 'ZA']"
1,6habFhsOp2NvshLv26DqMb,Despacito,Luis Fonsi - Daddy Yankee,79,0.5548489666136727,0.7671052631578946,0.803927656601723,0.3546622914957615,0.20172157606189478,0.8605886258021689,Billboard_chart,2019,latin,"['AD', 'AE', 'AL', 'AR', 'AT', 'AU', 'BA', 'BE', 'BG', 'BH', 'BO', 'BR', 'BY', 'CA', 'CH', 'CL', 'CO', 'CR', 'CY', 'CZ', 'DE', 'DK', 'DO', 'DZ', 'EC', 'EE', 'EG', 'ES', 'FI', 'FR', 'GB', 'GR', 'GT', 'HK', 'HN', 'HR', 'HU', 'ID', 'IE', 'IL', 'IN', 'IS', 'IT', 'JO', 'JP', 'KW', 'KZ', 'LB', 'LI', 'LT', 'LU', 'LV', 'MA', 'MC', 'MD', 'ME', 'MK', 'MT', 'MX', 'MY', 'NI', 'NL', 'NO', 'NZ', 'OM', 'PA', 'PE', 'PH', 'PL', 'PS', 'PT', 'PY', 'QA', 'RO', 'RS', 'RU', 'SA', 'SE', 'SG', 'SI', 'SK', 'SV', 'TH', 'TN', 'TR', 'TW', 'UA', 'US', 'UY', 'VN', 'XK', 'ZA']"
2,7ySbfLwdCwl1EM0zNCJZ38,One Sweet Day,Mariah Carey - Boyz II Men,69,0.41653418124006353,0.36973684210526314,0.4797019327796319,0.018047579983593104,0.360557462724804,0.267537065722505,Billboard_chart,1995,pop,"['AD', 'AE', 'AL', 'AR', 'AT', 'AU', 'BA', 'BE', 'BG', 'BH', 'BO', 'BR', 'BY', 'CA', 'CH', 'CL', 'CO', 'CR', 'CY', 'CZ', 'DE', 'DK', 'DO', 'DZ', 'EC', 'EE', 'EG', 'ES', 'FI', 'FR', 'GB', 'GR', 'GT', 'HK', 'HN', 'HR', 'HU', 'ID', 'IE', 'IL', 'IN', 'IS', 'IT', 'JO', 'JP', 'KW', 'KZ', 'LB', 'LI', 'LT', 'LU', 'LV', 'MA', 'MC', 'MD', 'ME', 'MK', 'MT', 'MX', 'MY', 'NI', 'NL', 'NO', 'NZ', 'OM', 'PA', 'PE', 'PH', 'PL', 'PS', 'PT', 'PY', 'QA', 'RO', 'RS', 'RU', 'SA', 'SE', 'SG', 'SI', 'SK', 'SV', 'TH', 'TN', 'TR', 'TW', 'UA', 'US', 'UY', 'VN', 'XK', 'ZA']"
3,2GhA8OAODRkEMUq8RYgCeF,Macarena (Bayside Boys Mix) - (Tribute to Los Del Rio),Studio Allstars,0,0.8441971383147855,0.39473684210526316,0.020259256384382418,0.25348646431501226,0.054055438848183646,0.6802389909271962,Billboard_chart,2009,latin,"['AD', 'AE', 'AL', 'AR', 'AT', 'AU', 'BA', 'BE', 'BG', 'BH', 'BO', 'BR', 'BY', 'CA', 'CH', 'CL', 'CO', 'CR', 'CY', 'CZ', 'DE', 'DK', 'DO', 'DZ', 'EC', 'EE', 'EG', 'ES', 'FI', 'FR', 'GB', 'GR', 'GT', 'HK', 'HN', 'HR', 'HU', 'ID', 'IE', 'IL', 'IN', 'IS', 'IT', 'JO', 'JP', 'KW', 'KZ', 'LB', 'LI', 'LT', 'LU', 'LV', 'MA', 'MC', 'MD', 'MK', 'MT', 'MX', 'MY', 'NI', 'NL', 'NO', 'NZ', 'OM', 'PA', 'PE', 'PH', 'PL', 'PS', 'PT', 'PY', 'QA', 'RO', 'RU', 'SA', 'SE', 'SG', 'SI', 'SK', 'SV', 'TH', 'TN', 'TR', 'TW', 'UA', 'US', 'UY', 'VN', 'ZA']"
4,3LmvfNUQtglbTrydsdIqFU,We Belong Together,Mariah Carey,70,0.8441971383147855,0.3263157894736842,0.5630676084762866,0.10062893081761005,0.033560485730388896,0.775392786014605,Billboard_chart,2005,pop,"['CA', 'MX', 'US']"
5,32OlwWuMpZ6b0aN2RZOeMS,Uptown Funk (feat. Bruno Mars),Mark Ronson - Bruno Mars,82,0.8744038155802862,0.519736842105263,0.6148412636808196,0.1616078753076292,0.007029768919403597,0.9590617393228591,Billboard_chart,2015,pop,"['AD', 'AE', 'AL', 'AR', 'AT', 'AU', 'BA', 'BE', 'BG', 'BH', 'BO', 'BR', 'BY', 'CA', 'CH', 'CL', 'CO', 'CR', 'CY', 'CZ', 'DE', 'DK', 'DO', 'DZ', 'EC', 'EE', 'EG', 'ES', 'FI', 'FR', 'GB', 'GR', 'GT', 'HK', 'HN', 'HR', 'HU', 'ID', 'IE', 'IL', 'IN', 'IS', 'IT', 'JO', 'JP', 'KW', 'KZ', 'LB', 'LI', 'LT', 'LU', 'LV', 'MA', 'MC', 'MD', 'ME', 'MK', 'MT', 'MX', 'MY', 'NI', 'NL', 'NO', 'NZ', 'OM', 'PA', 'PE', 'PH', 'PL', 'PS', 'PT', 'PY', 'QA', 'RO', 'RS', 'RU', 'SA', 'SE', 'SG', 'SI', 'SK', 'SV', 'TH', 'TN', 'TR', 'TW', 'UA', 'US', 'UY', 'VN', 'XK', 'ZA']"
6,61sQYdFNS6sEBYCyr1q5gn,I'll Make Love To You,Boyz II Men,63,0.41494435612082686,0.3776315789473683,0.551579601024606,0.002187585452556734,0.10078393195675567,0.15357379951316666,Billboard_chart,1994,r&b,"['CA', 'MX', 'US']"
7,4eHbdreAnSOrDDsFfc4Fpm,I Will Always Love You,Whitney Houston,77,0.0,0.0,0.2038345105953583,0.033634126333059886,0.8637085617666651,0.05178136755919453,Billboard_chart,1992,pop,"['AD', 'AE', 'AL', 'AR', 'AT', 'AU', 'BA', 'BE', 'BG', 'BH', 'BO', 'BR', 'BY', 'CA', 'CH', 'CL', 'CO', 'CR', 'CY', 'CZ', 'DE', 'DK', 'DO', 'DZ', 'EC', 'EE', 'EG', 'ES', 'FI', 'FR', 'GB', 'GR', 'GT', 'HK', 'HN', 'HR', 'HU', 'ID', 'IE', 'IL', 'IN', 'IS', 'IT', 'JO', 'JP', 'KW', 'KZ', 'LB', 'LI', 'LT', 'LU', 'LV', 'MA', 'MC', 'MD', 'ME', 'MK', 'MT', 'MX', 'MY', 'NI', 'NL', 'NO', 'NZ', 'OM', 'PA', 'PE', 'PH', 'PL', 'PS', 'PT', 'PY', 'QA', 'RO', 'RS', 'RU', 'SA', 'SE', 'SG', 'SI', 'SK', 'SV', 'TH', 'TN', 'TR', 'TW', 'UA', 'US', 'UY', 'VN', 'XK', 'ZA']"
8,1En0qfVDdBFtX1v8TvprKF,I Gotta Feeling - The Best Of The E.N.D. Version,Black Eyed Peas,25,0.6963434022257555,0.7368421052631579,0.6788015213847706,0.009570686354935742,0.07578008915304607,0.650365125027661,Billboard_chart,2020,pop,"['AE', 'AR', 'AT', 'AU', 'BE', 'BG', 'BH', 'BO', 'BR', 'BY', 'CA', 'CH', 'CL', 'CO', 'CR', 'CY', 'CZ', 'DE', 'DK', 'DO', 'DZ', 'EC', 'EE', 'EG', 'ES', 'FI', 'FR', 'GB', 'GR', 'GT', 'HK', 'HN', 'HR', 'HU', 'ID', 'IE', 'IL', 'IN', 'IS', 'IT', 'JP', 'KW', 'LB', 'LT', 'LU', 'LV', 'MA', 'MT', 'MX', 'MY', 'NI', 'NL', 'NO', 'NZ', 'OM', 'PA', 'PE', 'PH', 'PL', 'PT', 'PY', 'QA', 'RO', 'RS', 'RU', 'SA', 'SE', 'SG', 'SI', 'SK', 'SV', 'TH', 'TR', 'TW', 'UA', 'US', 'UY', 'VN', 'XK', 'ZA']"
9,3DUcaEvPO72PijivCjtZcU,Candle In The Wind 1997,Elton John,56,0.22893481717011138,0.12763157894736837,0.5409454319646044,0.022149302707136984,1.0,0.3383491922991813,Billboard_chart,1997,rock,"['AE', 'AR', 'AT', 'AU', 'BE', 'BG', 'BH', 'BO', 'BR', 'CA', 'CH', 'CL', 'CO', 'CR', 'CY', 'CZ', 'DE', 'DK', 'DO', 'DZ', 'EC', 'EE', 'EG', 'ES', 'FI', 'FR', 'GB', 'GR', 'GT', 'HK', 'HN', 'HU', 'ID', 'IE', 'IL', 'IN', 'IS', 'IT', 'JO', 'JP', 'KW', 'LB', 'LT', 'LU', 'LV', 'MA', 'MT', 'MX', 'MY', 'NI', 'NL', 'NO', 'NZ', 'OM', 'PA', 'PE', 'PH', 'PL', 'PT', 'PY', 'QA', 'RO', 'RU', 'SA', 'SE', 'SG', 'SI', 'SK', 'SV', 'TH', 'TN', 'TR', 'TW', 'UA', 'US', 'VN', 'ZA']"
10,3l3xTXsUXeWlkPqzMs7mPD,End Of The Road,Boyz II Men,71,0.5310015898251192,0.2802631578947369,0.4543972677171466,0.002187585452556734,0.06686478454680536,0.517592387696393,Billboard_chart,1991,r&b,"['AD', 'AE', 'AL', 'AR', 'AT', 'AU', 'BA', 'BE', 'BG', 'BH', 'BO', 'BR', 'BY', 'CA', 'CH', 'CL', 'CO', 'CR', 'CY', 'CZ', 'DE', 'DK', 'DO', 'DZ', 'EC', 'EE', 'EG', 'ES', 'FI', 'FR', 'GB', 'GR', 'GT', 'HK', 'HN', 'HR', 'HU', 'ID', 'IE', 'IL', 'IN', 'IS', 'IT', 'JO', 'JP', 'KW', 'KZ', 'LB', 'LI', 'LT', 'LU', 'LV', 'MA', 'MC', 'MD', 'ME', 'MK', 'MT', 'MX', 'MY', 'NI', 'NL', 'NO', 'NZ', 'OM', 'PA', 'PE', 'PH', 'PL', 'PS', 'PT', 'PY', 'QA', 'RO', 'RS', 'RU', 'SA', 'SE', 'SG', 'SI', 'SK', 'SV', 'TH', 'TN', 'TR', 'TW', 'UA', 'US', 'UY', 'VN', 'XK', 'ZA']"
11,6sHsXIJoEN5JpdkGMQDJxt,The Boy Is Mine,Brandy - Monica,68,0.63275039745628,0.6486842105263158,0.6680897306527981,0.04320481268799563,0.5511605267202951,0.7742863465368444,Billboard_chart,1998,pop,"['AD', 'AE', 'AL', 'AR', 'AT', 'AU', 'BA', 'BE', 'BG', 'BH', 'BO', 'BR', 'BY', 'CA', 'CH', 'CL', 'CO', 'CR', 'CY', 'CZ', 'DE', 'DK', 'DO', 'DZ', 'EC', 'EE', 'EG', 'ES', 'FI', 'FR', 'GB', 'GR', 'GT', 'HK', 'HN', 'HR', 'HU', 'ID', 'IE', 'IL', 'IN', 'IS', 'IT', 'JO', 'JP', 'KW', 'KZ', 'LB', 'LI', 'LT', 'LU', 'LV', 'MA', 'MC', 'MD', 'ME', 'MK', 'MT', 'MX', 'MY', 'NI', 'NL', 'NO', 'NZ', 'OM', 'PA', 'PE', 'PH', 'PL', 'PS', 'PT', 'PY', 'QA', 'RO', 'RS', 'RU', 'SA', 'SE', 'SG', 'SI', 'SK', 'SV', 'TH', 'TN', 'TR', 'TW', 'UA', 'US', 'UY', 'VN', 'XK', 'ZA']"
12,0n2SEXB2qoRQg171q7XqeW,Smooth (feat. Rob Thomas),Santana - Rob Thomas,69,0.4817170111287759,0.9328947368421051,0.8721571062640688,0.028712059064807213,0.16278116513808477,0.995574242088958,Billboard_chart,1999,rock,"['AD', 'AE', 'AL', 'AR', 'AT', 'AU', 'BA', 'BE', 'BG', 'BH', 'BO', 'BR', 'BY', 'CA', 'CH', 'CL', 'CO', 'CR', 'CY', 'CZ', 'DE', 'DK', 'DO', 'DZ', 'EC', 'EE', 'EG', 'ES', 'FI', 'FR', 'GB', 'GR', 'GT', 'HK', 'HN', 'HR', 'HU', 'ID', 'IE', 'IL', 'IN', 'IS', 'IT', 'JO', 'JP', 'KW', 'KZ', 'LB', 'LI', 'LT', 'LU', 'LV', 'MA', 'MC', 'MD', 'ME', 'MK', 'MT', 'MX', 'MY', 'NI', 'NL', 'NO', 'NZ', 'OM', 'PA', 'PE', 'PH', 'PL', 'PS', 'PT', 'PY', 'QA', 'RO', 'RS', 'RU', 'SA', 'SE', 'SG', 'SI', 'SK', 'SV', 'TH', 'TN', 'TR', 'TW', 'UA', 'US', 'UY', 'VN', 'XK', 'ZA']"
13,5rb9QrpfcKFHM1EUbSIurX,Yeah! (feat. Lil Jon & Ludacris),Usher - Lil Jon - Ludacris,82,0.934817170111288,0.7592105263157892,0.8107583637351548,0.24254853705222856,0.017574422298508995,0.5773401194954637,Billboard_chart,2004,pop,"['AD', 'AE', 'AL', 'AR', 'AT', 'AU', 'BA', 'BE', 'BG', 'BH', 'BO', 'BR', 'BY', 'CA', 'CH', 'CL', 'CO', 'CR', 'CY', 'CZ', 'DE', 'DK', 'DO', 'DZ', 'EC', 'EE', 'EG', 'ES', 'FI', 'FR', 'GB', 'GR', 'GT', 'HK', 'HN', 'HR', 'HU', 'ID', 'IE', 'IL', 'IN', 'IS', 'IT', 'JO', 'JP', 'KW', 'KZ', 'LB', 'LI', 'LT', 'LU', 'LV', 'MA', 'MC', 'MD', 'ME', 'MK', 'MT', 'MX', 'MY', 'NI', 'NL', 'NO', 'NZ', 'OM', 'PA', 'PE', 'PH', 'PL', 'PS', 'PT', 'PY', 'QA', 'RO', 'RS', 'RU', 'SA', 'SE', 'SG', 'SI', 'SK', 'SV', 'TH', 'TN', 'TR', 'TW', 'UA', 'US', 'UY', 'VN', 'XK', 'ZA']"
14,0n4bITAu0Y0nigrz3MFJMb,Blurred Lines,Robin Thicke - T.I. - Pharrell Williams,75,0.8696343402225757,0.5065789473684209,0.8063339284328184,0.04867377631938746,0.0022441973663985242,0.8650143837132109,Billboard_chart,2013,r&b,"['AD', 'AE', 'AL', 'AR', 'AT', 'AU', 'BA', 'BE', 'BG', 'BH', 'BO', 'BR', 'BY', 'CA', 'CH', 'CL', 'CO', 'CR', 'CY', 'CZ', 'DE', 'DK', 'DO', 'DZ', 'EC', 'EE', 'EG', 'ES', 'FI', 'FR', 'GB', 'GR', 'GT', 'HK', 'HN', 'HR', 'HU', 'ID', 'IE', 'IL', 'IN', 'IS', 'IT', 'JO', 'KW', 'KZ', 'LB', 'LI', 'LT', 'LU', 'LV', 'MA', 'MC', 'MD', 'ME', 'MK', 'MT', 'MX', 'MY', 'NI', 'NL', 'NO', 'NZ', 'OM', 'PA', 'PE', 'PH', 'PL', 'PS', 'PT', 'PY', 'QA', 'RO', 'RS', 'RU', 'SA', 'SE', 'SG', 'SI', 'SK', 'SV', 'TH', 'TN', 'TR', 'TW', 'UA', 'US', 'UY', 'VN', 'XK', 'ZA']"
15,5Z01UMMf7V1o0MzF86s6WJ,"Lose Yourself - From ""8 Mile"" Soundtrack",Eminem,77,0.6136724960254374,0.6973684210526316,0.8211596677792439,0.6390484003281378,0.007716349848849722,0.0,Billboard_chart,2005,rap,"['AD', 'AE', 'AL', 'AR', 'AT', 'AU', 'BA', 'BE', 'BG', 'BH', 'BO', 'BR', 'BY', 'CA', 'CH', 'CL', 'CO', 'CR', 'CY', 'CZ', 'DE', 'DK', 'DO', 'DZ', 'EC', 'EE', 'EG', 'ES', 'FI', 'FR', 'GB', 'GR', 'GT', 'HK', 'HN', 'HR', 'HU', 'ID', 'IE', 'IL', 'IN', 'IS', 'IT', 'JO', 'JP', 'KW', 'KZ', 'LB', 'LI', 'LT', 'LU', 'LV', 'MA', 'MC', 'MD', 'ME', 'MK', 'MT', 'MX', 'MY', 'NI', 'NL', 'NO', 'NZ', 'OM', 'PA', 'PE', 'PH', 'PL', 'PS', 'PT', 'PY', 'QA', 'RO', 'RS', 'RU', 'SA', 'SE', 'SG', 'SI', 'SK', 'SV', 'TH', 'TN', 'TR', 'TW', 'UA', 'US', 'UY', 'VN', 'XK', 'ZA']"
16,2JzZzZUQj3Qff7wapcbKjc,See You Again (feat. Charlie Puth),Wiz Khalifa - Charlie Puth,82,0.6089030206677268,0.35131578947368425,0.5931071955289917,0.1591468416735029,0.3769534252190398,0.24540827616729372,Billboard_chart,2015,rap,"['AD', 'AE', 'AL', 'AR', 'AT', 'AU', 'BA', 'BE', 'BG', 'BH', 'BO', 'BR', 'BY', 'CA', 'CH', 'CL', 'CO', 'CR', 'CY', 'CZ', 'DE', 'DK', 'DO', 'DZ', 'EC', 'EE', 'EG', 'ES', 'FI', 'FR', 'GB', 'GR', 'GT', 'HK', 'HN', 'HR', 'HU', 'ID', 'IE', 'IL', 'IN', 'IS', 'IT', 'JO', 'JP', 'KW', 'KZ', 'LB', 'LI', 'LT', 'LU', 'LV', 'MA', 'MC', 'MD', 'ME', 'MK', 'MT', 'MX', 'MY', 'NI', 'NL', 'NO', 'NZ', 'OM', 'PA', 'PE', 'PH', 'PL', 'PS', 'PT', 'PY', 'QA', 'RO', 'RS', 'RU', 'SA', 'SE', 'SG', 'SI', 'SK', 'SV', 'TH', 'TN', 'TR', 'TW', 'UA', 'US', 'UY', 'VN', 'XK', 'ZA']"
17,24HFFhO9WOG5IrptWTgOdW,Boom Boom Pow,Black Eyed Peas,3,0.8871224165341816,0.8473684210526314,0.717922844058061,0.11676237353021603,0.13203873546139266,0.38481965036512505,Billboard_chart,2020,pop,"['AE', 'AL', 'AR', 'AT', 'AU', 'BA', 'BE', 'BG', 'BH', 'BO', 'BR', 'BY', 'CA', 'CH', 'CL', 'CO', 'CR', 'CY', 'CZ', 'DE', 'DK', 'DO', 'DZ', 'EC', 'EE', 'EG', 'ES', 'FI', 'FR', 'GB', 'GR', 'GT', 'HK', 'HN', 'HR', 'HU', 'ID', 'IE', 'IL', 'IN', 'IS', 'IT', 'JP', 'KW', 'LB', 'LT', 'LU', 'LV', 'MA', 'ME', 'MK', 'MT', 'MX', 'MY', 'NI', 'NL', 'NO', 'NZ', 'OM', 'PA', 'PE', 'PH', 'PL', 'PT', 'PY', 'QA', 'RO', 'RS', 'RU', 'SA', 'SE', 'SG', 'SI', 'SK', 'SV', 'TH', 'TN', 'TR', 'TW', 'UA', 'US', 'UY', 'VN', 'XK', 'ZA']"
18,7BKLCZ1jbUBVqRi2FVlTVw,Closer,The Chainsmokers - Halsey,84,0.7027027027027029,0.4078947368421052,0.7408988589614219,0.028712059064807213,0.423067069734078,0.6636423987607878,Billboard_chart,2016,edm,"['AD', 'AE', 'AL', 'AR', 'AT', 'AU', 'BA', 'BE', 'BG', 'BH', 'BO', 'BR', 'BY', 'CA', 'CH', 'CL', 'CO', 'CR', 'CY', 'CZ', 'DE', 'DK', 'DO', 'DZ', 'EC', 'EE', 'EG', 'ES', 'FI', 'FR', 'GB', 'GR', 'GT', 'HK', 'HN', 'HR', 'HU', 'ID', 'IE', 'IL', 'IN', 'IS', 'IT', 'JO', 'JP', 'KW', 'KZ', 'LB', 'LI', 'LT', 'LU', 'LV', 'MA', 'MC', 'MD', 'ME', 'MK', 'MT', 'MX', 'MY', 'NI', 'NL', 'NO', 'NZ', 'OM', 'PA', 'PE', 'PH', 'PL', 'PS', 'PT', 'PY', 'QA', 'RO', 'RS', 'RU', 'SA', 'SE', 'SG', 'SI', 'SK', 'SV', 'TH', 'TN', 'TR', 'TW', 'UA', 'US', 'UY', 'VN', 'XK', 'ZA']"
19,7qiZfU4dY1lWllzX7mPBI3,Shape of You,Ed Sheeran,85,0.8251192368839428,0.5763157894736842,0.9284328184429091,0.15559201531309813,0.5941999282676641,0.9623810577561409,Billboard_chart,2017,pop,"['AD', 'AE', 'AL', 'AR', 'AT', 'AU', 'BA', 'BE', 'BG', 'BH', 'BO', 'BR', 'BY', 'CA', 'CH', 'CL', 'CO', 'CR', 'CY', 'CZ', 'DE', 'DK', 'DO', 'DZ', 'EC', 'EE', 'EG', 'ES', 'FI', 'FR', 'GB', 'GR', 'GT', 'HK', 'HN', 'HR', 'HU', 'ID', 'IE', 'IL', 'IN', 'IS', 'IT', 'JO', 'JP', 'KW', 'KZ', 'LB', 'LI', 'LT', 'LU', 'LV', 'MA', 'MC', 'MD', 'ME', 'MK', 'MT', 'MX', 'MY', 'NI', 'NL', 'NO', 'NZ', 'OM', 'PA', 'PE', 'PH', 'PL', 'PS', 'PT', 'PY', 'QA', 'RO', 'RS', 'RU', 'SA', 'SE', 'SG', 'SI', 'SK', 'SV', 'TH', 'TN', 'TR', 'TW', 'UA', 'US', 'UY', 'VN', 'XK', 'ZA']"
20,0J2Wgm8zu6y5qKOFgYjv9H,Independent Women Part 1,The Hit Crew,8,0.7011128775834659,0.5578947368421052,0.6991383994411238,0.6062346185397867,0.1084695393759287,0.98008408940031,Billboard_chart,2012,r&b,"['AD', 'AE', 'AL', 'AR', 'AT', 'AU', 'BA', 'BE', 'BG', 'BH', 'BO', 'BR', 'BY', 'CA', 'CH', 'CL', 'CO', 'CR', 'CY', 'CZ', 'DE', 'DK', 'DO', 'DZ', 'EC', 'EE', 'EG', 'ES', 'FI', 'FR', 'GB', 'GR', 'GT', 'HK', 'HN', 'HR', 'HU', 'ID', 'IE', 'IL', 'IN', 'IS', 'IT', 'JO', 'JP', 'KW', 'KZ', 'LB', 'LI', 'LT', 'LU', 'LV', 'MA', 'MC', 'MD', 'MK', 'MT', 'MX', 'MY', 'NI', 'NL', 'NO', 'NZ', 'OM', 'PA', 'PE', 'PH', 'PL', 'PS', 'PT', 'PY', 'QA', 'RO', 'RU', 'SA', 'SE', 'SG', 'SI', 'SK', 'SV', 'TH', 'TN', 'TR', 'TW', 'UA', 'US', 'UY', 'VN', 'ZA']"
21,5Ihd9HrPvOADyVoonH9ZjB,Un-Break My Heart,Toni Braxton,68,0.507154213036566,0.2789473684210526,0.5241015291469376,0.010391030899644521,0.42204232207818826,0.05620712547023676,Billboard_chart,1996,r&b,"['AD', 'AE', 'AL', 'AR', 'AT', 'AU', 'BA', 'BE', 'BG', 'BH', 'BO', 'BR', 'BY', 'CA', 'CH', 'CL', 'CO', 'CR', 'CY', 'CZ', 'DE', 'DK', 'DO', 'DZ', 'EC', 'EE', 'EG', 'ES', 'FI', 'FR', 'GB', 'GR', 'GT', 'HK', 'HN', 'HR', 'HU', 'ID', 'IE', 'IL', 'IN', 'IS', 'IT', 'JO', 'JP', 'KW', 'KZ', 'LB', 'LI', 'LT', 'LU', 'LV', 'MA', 'MC', 'MD', 'ME', 'MK', 'MT', 'MX', 'MY', 'NI', 'NL', 'NO', 'NZ', 'OM', 'PA', 'PE', 'PH', 'PL', 'PS', 'PT', 'PY', 'QA', 'RO', 'RS', 'RU', 'SA', 'SE', 'SG', 'SI', 'SK', 'SV', 'TH', 'TN', 'TR', 'TW', 'UA', 'US', 'UY', 'VN', 'XK', 'ZA']"
22,4WUnM4KNZ0kjp0CUeoyOnS,I Swear,All-4-One,67,0.3593004769475358,0.2539473684210526,0.4258324924318869,0.0,0.23963723932981504,0.18676698384598367,Billboard_chart,1994,r&b,"['AD', 'AE', 'AL', 'AR', 'AT', 'AU', 'BA', 'BE', 'BG', 'BH', 'BO', 'BR', 'BY', 'CA', 'CH', 'CL', 'CO', 'CR', 'CY', 'CZ', 'DE', 'DK', 'DO', 'DZ', 'EC', 'EE', 'EG', 'ES', 'FI', 'FR', 'GB', 'GR', 'GT', 'HK', 'HN', 'HR', 'HU', 'ID', 'IE', 'IL', 'IN', 'IS', 'IT', 'JO', 'JP', 'KW', 'KZ', 'LB', 'LI', 'LT', 'LU', 'LV', 'MA', 'MC', 'MD', 'ME', 'MK', 'MT', 'MX', 'MY', 'NI', 'NL', 'NO', 'NZ', 'OM', 'PA', 'PE', 'PH', 'PL', 'PS', 'PT', 'PY', 'QA', 'RO', 'RS', 'RU', 'SA', 'SE', 'SG', 'SI', 'SK', 'SV', 'TH', 'TN', 'TR', 'TW', 'UA', 'US', 'UY', 'VN', 'XK', 'ZA']"
23,6DCZcSspjsKoFjzjrWoCdn,God's Plan,Drake,83,0.7122416534181242,0.3092105263157895,0.4605293798028408,0.23434509160514083,0.03284316237126608,0.32728479752157563,Billboard_chart,2018,rap,"['AD', 'AE', 'AL', 'AR', 'AT', 'AU', 'BA', 'BE', 'BG', 'BH', 'BO', 'BR', 'BY', 'CA', 'CH', 'CL', 'CO', 'CR', 'CY', 'CZ', 'DE', 'DK', 'DO', 'DZ', 'EC', 'EE', 'EG', 'ES', 'FI', 'FR', 'GB', 'GR', 'GT', 'HK', 'HN', 'HR', 'HU', 'ID', 'IE', 'IL', 'IN', 'IS', 'IT', 'JO', 'JP', 'KW', 'KZ', 'LB', 'LI', 'LT', 'LU', 'LV', 'MA', 'MC', 'MD', 'ME', 'MK', 'MT', 'MX', 'MY', 'NI', 'NL', 'NO', 'NZ', 'OM', 'PA', 'PE', 'PH', 'PL', 'PS', 'PT', 'PY', 'QA', 'RO', 'RS', 'RU', 'SA', 'SE', 'SG', 'SI', 'SK', 'SV', 'TH', 'TN', 'TR', 'TW', 'UA', 'US', 'UY', 'VN', 'XK', 'ZA']"
24,3QHONiXGMGU3z68mQInncF,I'll Be Missing You (feat. 112),Diddy - Faith Evans - 112,71,0.8839427662957076,0.3486842105263157,0.46146083986649067,0.11293409898824174,0.052313367833171094,0.9557424208895775,Billboard_chart,2004,r&b,"['AD', 'AE', 'AL', 'AR', 'AT', 'AU', 'BA', 'BE', 'BG', 'BH', 'BO', 'BR', 'BY', 'CA', 'CH', 'CL', 'CO', 'CR', 'CY', 'CZ', 'DE', 'DK', 'DO', 'DZ', 'EC', 'EE', 'EG', 'ES', 'FI', 'FR', 'GB', 'GR', 'GT', 'HK', 'HN', 'HR', 'HU', 'ID', 'IE', 'IL', 'IN', 'IS', 'IT', 'JO', 'JP', 'KW', 'KZ', 'LB', 'LI', 'LT', 'LU', 'LV', 'MA', 'MC', 'MD', 'ME', 'MK', 'MT', 'MX', 'MY', 'NI', 'NL', 'NO', 'NZ', 'OM', 'PA', 'PE', 'PH', 'PL', 'PS', 'PT', 'PY', 'QA', 'RO', 'RS', 'RU', 'SA', 'SE', 'SG', 'SI', 'SK', 'SV', 'TH', 'TN', 'TR', 'TW', 'UA', 'US', 'UY', 'VN', 'XK', 'ZA']"
25,6zMUIb4uce1CzpbjR3vMdN,Foolish,Ashanti,72,0.5707472178060415,0.6328947368421052,0.7281689047582085,0.08176100628930817,0.35440897678946565,0.7145386147377739,Billboard_chart,2002,pop,"['AD', 'AE', 'AR', 'AT', 'AU', 'BE', 'BG', 'BH', 'BO', 'BR', 'CA', 'CH', 'CL', 'CO', 'CR', 'CY', 'CZ', 'DE', 'DK', 'DO', 'DZ', 'EC', 'EE', 'EG', 'ES', 'FI', 'FR', 'GB', 'GR', 'GT', 'HK', 'HN', 'HR', 'HU', 'ID', 'IE', 'IL', 'IN', 'IS', 'IT', 'JO', 'JP', 'KW', 'LB', 'LI', 'LT', 'LV', 'MA', 'MC', 'MT', 'MX', 'MY', 'NI', 'NL', 'NO', 'NZ', 'OM', 'PA', 'PE', 'PH', 'PL', 'PT', 'PY', 'QA', 'RO', 'RU', 'SA', 'SE', 'SG', 'SI', 'SK', 'SV', 'TH', 'TN', 'TR', 'TW', 'UA', 'US', 'VN', 'ZA']"
26,3XKIUb7HzIF1Vu9usunMzc,Maria Maria (feat. The Product G&B),Santana - The Product G&B,67,0.7488076311605725,0.5092105263157893,0.7151284638671116,0.28083128247197153,0.04042629502485014,0.6846647488382387,Billboard_chart,1999,rock,"['AD', 'AE', 'AL', 'AR', 'AT', 'AU', 'BA', 'BE', 'BG', 'BH', 'BO', 'BR', 'BY', 'CA', 'CH', 'CL', 'CO', 'CR', 'CY', 'CZ', 'DE', 'DK', 'DO', 'DZ', 'EC', 'EE', 'EG', 'ES', 'FI', 'FR', 'GB', 'GR', 'GT', 'HK', 'HN', 'HR', 'HU', 'ID', 'IE', 'IL', 'IN', 'IS', 'IT', 'JO', 'JP', 'KW', 'KZ', 'LB', 'LI', 'LT', 'LU', 'LV', 'MA', 'MC', 'MD', 'ME', 'MK', 'MT', 'MX', 'MY', 'NI', 'NL', 'NO', 'NZ', 'OM', 'PA', 'PE', 'PH', 'PL', 'PS', 'PT', 'PY', 'QA', 'RO', 'RS', 'RU', 'SA', 'SE', 'SG', 'SI', 'SK', 'SV', 'TH', 'TN', 'TR', 'TW', 'UA', 'US', 'UY', 'VN', 'XK', 'ZA']"
27,0CAfXk7DXMnon4gLudAp7J,Low (feat. T-Pain),Flo Rida - T-Pain,80,0.972972972972973,0.519736842105263,0.7377163704106187,0.15258408531583267,0.09391812266229442,0.2686435052002656,Billboard_chart,2008,pop,"['AD', 'AE', 'AL', 'AR', 'AT', 'AU', 'BA', 'BE', 'BG', 'BH', 'BO', 'BR', 'BY', 'CA', 'CH', 'CL', 'CO', 'CR', 'CY', 'CZ', 'DE', 'DK', 'DO', 'DZ', 'EC', 'EE', 'EG', 'ES', 'FI', 'FR', 'GB', 'GR', 'GT', 'HK', 'HN', 'HR', 'HU', 'ID', 'IE', 'IL', 'IN', 'IS', 'IT', 'JO', 'JP', 'KW', 'KZ', 'LB', 'LI', 'LT', 'LU', 'LV', 'MA', 'MC', 'MD', 'ME', 'MK', 'MT', 'MX', 'MY', 'NI', 'NL', 'NO', 'NZ', 'OM', 'PA', 'PE', 'PH', 'PL', 'PS', 'PT', 'PY', 'QA', 'RO', 'RS', 'RU', 'SA', 'SE', 'SG', 'SI', 'SK', 'SV', 'TH', 'TN', 'TR', 'TW', 'UA', 'US', 'UY', 'VN', 'XK', 'ZA']"
28,60nZcImufyMA1MKQY3dcCH,"Happy - From ""Despicable Me 2""",Pharrell Williams,80,0.5421303656597776,0.7999999999999999,0.8136303655980749,0.4366967459666393,0.22324127683557923,0.9966806815667186,Billboard_chart,2014,rap,"['AD', 'AE', 'AL', 'AR', 'AT', 'AU', 'BA', 'BE', 'BG', 'BH', 'BO', 'BR', 'BY', 'CA', 'CH', 'CL', 'CO', 'CR', 'CY', 'CZ', 'DE', 'DK', 'DO', 'DZ', 'EC', 'EE', 'EG', 'ES', 'FI', 'FR', 'GB', 'GR', 'GT', 'HK', 'HN', 'HR', 'HU', 'ID', 'IE', 'IL', 'IN', 'IS', 'IT', 'JO', 'JP', 'KW', 'KZ', 'LB', 'LI', 'LT', 'LU', 'LV', 'MA', 'MC', 'MD', 'ME', 'MK', 'MT', 'MX', 'MY', 'NI', 'NL', 'NO', 'NZ', 'OM', 'PA', 'PE', 'PH', 'PL', 'PS', 'PT', 'PY', 'QA', 'RO', 'RS', 'RU', 'SA', 'SE', 'SG', 'SI', 'SK', 'SV', 'TH', 'TN', 'TR', 'TW', 'UA', 'US', 'UY', 'VN', 'XK', 'ZA']"
29,3hVrI7snZMTmHCnbwME47u,Physical,Olivia Newton-John,51,0.8394276629570749,0.5513157894736842,0.2873554296359543,0.051681706316653,0.06348311728236923,0.9325071918566057,Billboard_chart,1981,disco,"['CA', 'US']"
30,1PS1QMdUqOal0ai3Gt7sDQ,Gold Digger,Kanye West - Jamie Foxx,78,0.5135135135135136,0.6342105263157893,0.742994644104634,0.887886245556467,0.01880411948557668,0.6215976986058864,Billboard_chart,2005,rap,"['AD', 'AE', 'AL', 'AR', 'AT', 'AU', 'BA', 'BE', 'BG', 'BH', 'BO', 'BR', 'CA', 'CH', 'CL', 'CO', 'CR', 'CY', 'CZ', 'DE', 'DK', 'DO', 'DZ', 'EC', 'EE', 'EG', 'ES', 'FI', 'FR', 'GB', 'GR', 'GT', 'HK', 'HN', 'HR', 'HU', 'ID', 'IE', 'IL', 'IN', 'IS', 'IT', 'JO', 'JP', 'KW', 'KZ', 'LB', 'LI', 'LT', 'LU', 'LV', 'MA', 'MC', 'MD', 'ME', 'MK', 'MT', 'MX', 'MY', 'NI', 'NL', 'NO', 'NZ', 'OM', 'PA', 'PE', 'PH', 'PL', 'PS', 'PT', 'PY', 'QA', 'RO', 'RS', 'RU', 'SA', 'SE', 'SG', 'SI', 'SK', 'SV', 'TH', 'TN', 'TR', 'TW', 'UA', 'US', 'UY', 'VN', 'XK', 'ZA']"
31,0ARK753YaiJbpLUk7z5yIM,Dilemma,Nelly - Kelly Rowland,78,0.6693163751987281,0.4447368421052632,0.5487852208336567,0.31911402789171456,0.23143925808269714,0.6038946669617173,Billboard_chart,2002,rap,"['AD', 'AL', 'AR', 'AT', 'AU', 'BA', 'BE', 'BG', 'BO', 'BR', 'BY', 'CA', 'CH', 'CL', 'CO', 'CR', 'CY', 'CZ', 'DE', 'DK', 'DO', 'EC', 'EE', 'ES', 'FI', 'FR', 'GR', 'GT', 'HK', 'HN', 'HR', 'HU', 'ID', 'IL', 'IN', 'IS', 'IT', 'JP', 'KZ', 'LI', 'LT', 'LU', 'LV', 'MC', 'MD', 'ME', 'MK', 'MT', 'MX', 'MY', 'NI', 'NL', 'NO', 'NZ', 'PA', 'PE', 'PH', 'PL', 'PS', 'PT', 'PY', 'RO', 'RS', 'RU', 'SE', 'SG', 'SI', 'SK', 'SV', 'TH', 'TR', 'TW', 'UA', 'US', 'UY', 'VN', 'XK', 'ZA']"
32,6qn9YLKt13AGvpq9jfO8py,We Found Love,Rihanna - Calvin Harris,75,0.6804451510333867,0.7263157894736839,0.8273694015369091,0.04101722723543888,0.024440231592970235,0.5961495906173933,Billboard_chart,2011,pop,"['AD', 'AR', 'AU', 'BG', 'BO', 'BR', 'BY', 'CA', 'CL', 'CO', 'CR', 'CY', 'CZ', 'DO', 'EC', 'EE', 'ES', 'FI', 'GR', 'GT', 'HK', 'HN', 'HU', 'ID', 'IL', 'IN', 'IS', 'JP', 'KZ', 'LI', 'LT', 'LV', 'MC', 'MD', 'MT', 'MY', 'NI', 'NL', 'NO', 'NZ', 'PA', 'PE', 'PH', 'PL', 'PT', 'PY', 'RO', 'RU', 'SG', 'SI', 'SK', 'SV', 'TH', 'TR', 'TW', 'UA', 'US', 'VN', 'ZA']"
33,3dFR132gzO8jxD57R2gid3,You Light Up My Life,Debby Boone,59,0.04292527821939579,0.20131578947368423,0.39462858029961956,0.01585999453103637,0.8503868422400984,0.00807700818765214,Billboard_chart,1977,pop,"['AD', 'AE', 'AL', 'AR', 'AT', 'AU', 'BA', 'BE', 'BG', 'BH', 'BO', 'BR', 'BY', 'CA', 'CH', 'CL', 'CO', 'CR', 'CY', 'CZ', 'DE', 'DK', 'DO', 'DZ', 'EC', 'EE', 'EG', 'ES', 'FI', 'FR', 'GB', 'GR', 'GT', 'HK', 'HN', 'HR', 'HU', 'ID', 'IE', 'IL', 'IN', 'IS', 'IT', 'JO', 'JP', 'KW', 'KZ', 'LB', 'LI', 'LT', 'LU', 'LV', 'MA', 'MC', 'MD', 'ME', 'MK', 'MT', 'MX', 'MY', 'NI', 'NL', 'NO', 'NZ', 'OM', 'PA', 'PE', 'PH', 'PL', 'PS', 'PT', 'PY', 'QA', 'RO', 'RS', 'RU', 'SA', 'SE', 'SG', 'SI', 'SK', 'SV', 'TH', 'TN', 'TR', 'TW', 'UA', 'US', 'UY', 'VN', 'XK', 'ZA']"
34,6RX5iL93VZ5fKmyvNXvF1r,Irreplaceable,Beyoncé,73,0.22416534181240072,0.631578947368421,0.8155709073973453,0.9808586272901285,0.028846646513296104,0.49546359814118174,Billboard_chart,2007,pop,"['AD', 'AE', 'AL', 'AR', 'AU', 'BA', 'BE', 'BG', 'BH', 'BO', 'BR', 'BY', 'CA', 'CL', 'CO', 'CR', 'CY', 'CZ', 'DK', 'DO', 'DZ', 'EC', 'EE', 'EG', 'ES', 'FI', 'FR', 'GB', 'GR', 'GT', 'HK', 'HN', 'HR', 'HU', 'ID', 'IE', 'IL', 'IN', 'IS', 'IT', 'JO', 'JP', 'KW', 'KZ', 'LB', 'LT', 'LU', 'LV', 'MA', 'MC', 'MD', 'ME', 'MK', 'MT', 'MX', 'MY', 'NI', 'NL', 'NO', 'NZ', 'OM', 'PA', 'PE', 'PH', 'PL', 'PS', 'PT', 'PY', 'QA', 'RO', 'RS', 'RU', 'SA', 'SE', 'SG', 'SI', 'SK', 'SV', 'TH', 'TN', 'TR', 'TW', 'UA', 'US', 'UY', 'VN', 'XK', 'ZA']"
35,1zi7xx7UVEFkmKfv06H8x0,One Dance,Drake - WizKid - Kyla,81,0.7726550079491257,0.5407894736842105,0.7401226422417138,0.08285479901558655,0.006773582005431163,0.34166851073246296,Billboard_chart,2016,rap,"['AD', 'AE', 'AL', 'AR', 'AT', 'AU', 'BA', 'BE', 'BG', 'BH', 'BO', 'BR', 'BY', 'CA', 'CH', 'CL', 'CO', 'CR', 'CY', 'CZ', 'DE', 'DK', 'DO', 'DZ', 'EC', 'EE', 'EG', 'ES', 'FI', 'FR', 'GB', 'GR', 'GT', 'HK', 'HN', 'HR', 'HU', 'ID', 'IE', 'IL', 'IS', 'IT', 'JO', 'JP', 'KW', 'KZ', 'LB', 'LI', 'LT', 'LU', 'LV', 'MA', 'MC', 'MD', 'ME', 'MK', 'MT', 'MX', 'MY', 'NI', 'NL', 'NO', 'NZ', 'OM', 'PA', 'PE', 'PH', 'PL', 'PT', 'PY', 'QA', 'RO', 'RS', 'RU', 'SA', 'SE', 'SG', 'SI', 'SK', 'SV', 'TH', 'TN', 'TR', 'TW', 'UA', 'US', 'UY', 'VN', 'XK', 'ZA']"
36,2G7V7zsVDxg1yRsu7Ew9RJ,In My Feelings,Drake,79,0.8410174880763117,0.5421052631578946,0.7227353877202515,0.2780968006562756,0.05917917712763233,0.3195397211772516,Billboard_chart,2018,rap,"['AD', 'AE', 'AL', 'AR', 'AT', 'AU', 'BA', 'BE', 'BG', 'BH', 'BO', 'BR', 'BY', 'CA', 'CH', 'CL', 'CO', 'CR', 'CY', 'CZ', 'DE', 'DK', 'DO', 'DZ', 'EC', 'EE', 'EG', 'ES', 'FI', 'FR', 'GB', 'GR', 'GT', 'HK', 'HN', 'HR', 'HU', 'ID', 'IE', 'IL', 'IN', 'IS', 'IT', 'JO', 'JP', 'KW', 'KZ', 'LB', 'LI', 'LT', 'LU', 'LV', 'MA', 'MC', 'MD', 'ME', 'MK', 'MT', 'MX', 'MY', 'NI', 'NL', 'NO', 'NZ', 'OM', 'PA', 'PE', 'PH', 'PL', 'PS', 'PT', 'PY', 'QA', 'RO', 'RS', 'RU', 'SA', 'SE', 'SG', 'SI', 'SK', 'SV', 'TH', 'TN', 'TR', 'TW', 'UA', 'US', 'UY', 'VN', 'XK', 'ZA']"
37,4sPmO7WMQUAf45kwMOtONw,Hello,Adele,73,0.2782193958664548,0.3118421052631579,0.702398509663898,0.03117309269893355,0.3431367525746785,0.25204691303385707,Billboard_chart,2016,pop,"['AR', 'BO', 'BR', 'CL', 'CO', 'CR', 'DO', 'EC', 'GT', 'HN', 'MX', 'NI', 'PA', 'PE', 'PY', 'SV', 'US', 'UY']"
38,3TGRqZ0a2l1LRblBkJoaDx,Call Me Maybe,Carly Rae Jepsen,70,0.7583465818759936,0.4815789473684209,0.6672358922611193,0.04785343177467871,0.010503663472869807,0.6625359592830273,Billboard_chart,2012,pop,"['CR', 'MX', 'US']"
39,4XNrMwGx1SqP01sqkGTDmo,One More Night,Maroon 5,67,0.6550079491255962,0.7973684210526314,0.9074749670107893,0.024610336341263334,0.04432033611723114,0.6105333038282807,Billboard_chart,2012,pop,"['CA', 'CR', 'MX', 'US']"
40,2dLLR6qlu5UJ5gk0dKz0h3,Royals,Lorde,76,0.5850556438791734,0.28157894736842104,0.4377862299153923,0.26989335520918784,0.12281600655838501,0.3051560079663643,Billboard_chart,2013,pop,"['AD', 'AE', 'AL', 'AR', 'AT', 'AU', 'BA', 'BE', 'BG', 'BH', 'BO', 'BR', 'BY', 'CA', 'CH', 'CL', 'CO', 'CR', 'CY', 'CZ', 'DE', 'DK', 'DO', 'DZ', 'EC', 'EE', 'EG', 'ES', 'FI', 'FR', 'GB', 'GR', 'GT', 'HK', 'HN', 'HR', 'HU', 'ID', 'IE', 'IL', 'IN', 'IS', 'IT', 'JO', 'KW', 'KZ', 'LB', 'LI', 'LT', 'LU', 'LV', 'MA', 'MC', 'MD', 'ME', 'MK', 'MT', 'MX', 'MY', 'NI', 'NL', 'NO', 'NZ', 'OM', 'PA', 'PE', 'PH', 'PL', 'PS', 'PT', 'PY', 'QA', 'RO', 'RS', 'RU', 'SA', 'SE', 'SG', 'SI', 'SK', 'SV', 'TH', 'TN', 'TR', 'TW', 'UA', 'US', 'UY', 'VN', 'XK', 'ZA']"
41,0HPD5WQqrq7wPWR7P7Dw1i,TiK ToK,Kesha,81,0.713831478537361,0.8197368421052632,0.9645268959093378,0.3245829915231063,0.10037403289439976,0.722283691082098,Billboard_chart,2010,pop,"['AD', 'AE', 'AL', 'AR', 'AT', 'AU', 'BA', 'BE', 'BG', 'BH', 'BO', 'BR', 'BY', 'CA', 'CH', 'CL', 'CO', 'CR', 'CY', 'CZ', 'DE', 'DK', 'DO', 'DZ', 'EC', 'EE', 'EG', 'ES', 'FI', 'FR', 'GB', 'GR', 'GT', 'HK', 'HN', 'HR', 'HU', 'ID', 'IE', 'IL', 'IN', 'IS', 'IT', 'JO', 'JP', 'KW', 'KZ', 'LB', 'LI', 'LT', 'LU', 'LV', 'MA', 'MC', 'MD', 'ME', 'MK', 'MT', 'MX', 'MY', 'NI', 'NL', 'NO', 'NZ', 'OM', 'PA', 'PE', 'PH', 'PL', 'PS', 'PT', 'PY', 'QA', 'RO', 'RS', 'RU', 'SA', 'SE', 'SG', 'SI', 'SK', 'SV', 'TH', 'TN', 'TR', 'TW', 'UA', 'US', 'UY', 'VN', 'XK', 'ZA']"
42,3ibKnFDaa3GhpPGlOUj7ff,Let Me Love You,Mario,76,0.5564387917329094,0.47894736842105257,0.4792362027478071,0.18840579710144928,0.23963723932981504,0.5474662535959285,Billboard_chart,2004,pop,"['AD', 'AE', 'AL', 'AR', 'AT', 'AU', 'BA', 'BE', 'BG', 'BH', 'BO', 'BR', 'CA', 'CH', 'CL', 'CO', 'CR', 'CY', 'CZ', 'DE', 'DK', 'DO', 'DZ', 'EC', 'EE', 'EG', 'ES', 'FI', 'FR', 'GB', 'GR', 'GT', 'HN', 'HR', 'HU', 'IE', 'IL', 'IS', 'IT', 'JO', 'KW', 'LB', 'LI', 'LT', 'LU', 'LV', 'MA', 'MC', 'ME', 'MK', 'MT', 'MX', 'NI', 'NL', 'NO', 'NZ', 'OM', 'PA', 'PE', 'PL', 'PS', 'PT', 'PY', 'QA', 'RO', 'RS', 'SA', 'SE', 'SI', 'SK', 'SV', 'TN', 'US', 'UY', 'XK', 'ZA']"
43,4RY96Asd9IefaL3X4LOLZ8,In Da Club,50 Cent,71,0.947535771065183,0.6657894736842104,0.9600248389350305,0.8851517637407712,0.2652559307270585,0.8229696835583096,Billboard_chart,2003,rap,"['AU', 'CA', 'CR', 'DO', 'GT', 'HN', 'MX', 'NI', 'PA', 'SV', 'US']"
44,0odIT9B9BvOCnXfS0e4lB5,Bette Davis Eyes,Kim Carnes,73,0.5866454689984104,0.5723684210526315,0.3782504075137778,0.023516543614984953,0.019726392375877446,0.591723832706351,Billboard_chart,1981,rock,"['AD', 'AE', 'AL', 'AR', 'AT', 'AU', 'BA', 'BE', 'BG', 'BH', 'BO', 'BR', 'BY', 'CA', 'CH', 'CL', 'CO', 'CR', 'CY', 'CZ', 'DE', 'DK', 'DO', 'DZ', 'EC', 'EE', 'EG', 'ES', 'FI', 'FR', 'GB', 'GR', 'GT', 'HK', 'HN', 'HR', 'HU', 'ID', 'IE', 'IL', 'IN', 'IS', 'IT', 'JO', 'JP', 'KW', 'KZ', 'LB', 'LI', 'LT', 'LU', 'LV', 'MA', 'MC', 'MD', 'ME', 'MK', 'MT', 'MX', 'MY', 'NI', 'NL', 'NO', 'NZ', 'OM', 'PA', 'PE', 'PH', 'PL', 'PS', 'PT', 'PY', 'QA', 'RO', 'RS', 'RU', 'SA', 'SE', 'SG', 'SI', 'SK', 'SV', 'TH', 'TN', 'TR', 'TW', 'UA', 'US', 'UY', 'VN', 'XK', 'ZA']"
45,2PpruBYCo4H7WOBJ7Q2EwM,Hey Ya! - Radio Mix,OutKast,79,0.6693163751987281,1.0,0.9999999999999999,0.11785616625649441,0.10437054875236974,1.0000000000000002,Billboard_chart,2003,rap,"['AD', 'AE', 'AL', 'AR', 'AT', 'AU', 'BA', 'BE', 'BG', 'BH', 'BO', 'BR', 'BY', 'CA', 'CH', 'CL', 'CO', 'CR', 'CY', 'CZ', 'DE', 'DK', 'DO', 'DZ', 'EC', 'EE', 'EG', 'ES', 'FI', 'FR', 'GB', 'GR', 'GT', 'HK', 'HN', 'HR', 'HU', 'ID', 'IE', 'IL', 'IN', 'IS', 'IT', 'JO', 'JP', 'KW', 'KZ', 'LB', 'LI', 'LT', 'LU', 'LV', 'MA', 'MC', 'MD', 'ME', 'MK', 'MT', 'MX', 'MY', 'NI', 'NL', 'NO', 'NZ', 'OM', 'PA', 'PE', 'PH', 'PL', 'PS', 'PT', 'PY', 'QA', 'RO', 'RS', 'RU', 'SA', 'SE', 'SG', 'SI', 'SK', 'SV', 'TH', 'TN', 'TR', 'TW', 'UA', 'US', 'UY', 'VN', 'XK', 'ZA']"
46,1JISpwLG9TErjo5ztLg0ww,Rich Boy,Baby Boy Da Prince,18,0.7615262321144676,0.6026315789473684,0.8335791352945742,0.3327864369701941,0.024030332530614342,0.8628015047576898,Billboard_chart,2006,rap,"['AD', 'AE', 'AL', 'AR', 'AT', 'AU', 'BA', 'BE', 'BG', 'BH', 'BO', 'BR', 'BY', 'CA', 'CH', 'CL', 'CO', 'CR', 'CY', 'CZ', 'DE', 'DK', 'DO', 'DZ', 'EC', 'EE', 'EG', 'ES', 'FI', 'FR', 'GB', 'GR', 'GT', 'HK', 'HN', 'HR', 'HU', 'ID', 'IE', 'IL', 'IN', 'IS', 'IT', 'JO', 'JP', 'KW', 'KZ', 'LB', 'LI', 'LT', 'LU', 'LV', 'MA', 'MC', 'MD', 'ME', 'MK', 'MT', 'MX', 'MY', 'NI', 'NL', 'NO', 'NZ', 'OM', 'PA', 'PE', 'PH', 'PL', 'PS', 'PT', 'PY', 'QA', 'RO', 'RS', 'RU', 'SA', 'SE', 'SG', 'SI', 'SK', 'SV', 'TH', 'TN', 'TR', 'TW', 'UA', 'US', 'UY', 'VN', 'XK', 'ZA']"
47,3E5ndyOfO6vFDEIE42HA8o,Mack the Knife,Bobby Darin,63,0.3863275039745628,0.4144736842105263,0.22145463013273314,0.23161060978944492,0.7776297586719271,0.4456738216419562,Billboard_chart,1959,soul,"['AD', 'AE', 'AL', 'AR', 'AT', 'AU', 'BA', 'BE', 'BG', 'BH', 'BO', 'BR', 'BY', 'CA', 'CH', 'CL', 'CO', 'CR', 'CY', 'CZ', 'DE', 'DK', 'DO', 'DZ', 'EC', 'EE', 'EG', 'ES', 'FI', 'FR', 'GB', 'GR', 'GT', 'HK', 'HN', 'HR', 'HU', 'ID', 'IE', 'IL', 'IN', 'IS', 'IT', 'JO', 'JP', 'KW', 'KZ', 'LB', 'LI', 'LT', 'LU', 'LV', 'MA', 'MC', 'MD', 'ME', 'MK', 'MT', 'MX', 'MY', 'NI', 'NL', 'NO', 'NZ', 'OM', 'PA', 'PE', 'PH', 'PL', 'PS', 'PT', 'PY', 'QA', 'RO', 'RS', 'RU', 'SA', 'SE', 'SG', 'SI', 'SK', 'SV', 'TH', 'TN', 'TR', 'TW', 'UA', 'US', 'UY', 'VN', 'XK', 'ZA']"
48,6zwvB879PJSpTyFcg2wwnL,"The Theme from ""A Summer Place""",Percy Faith & His Orchestra,55,0.03179650238473769,0.1473684210526316,0.0,0.017500683620453927,0.6044474048265615,0.8948882496127464,Billboard_chart,1989,lounge,"['AD', 'AE', 'AL', 'AR', 'AT', 'AU', 'BA', 'BE', 'BG', 'BH', 'BO', 'BR', 'BY', 'CA', 'CH', 'CL', 'CO', 'CR', 'CY', 'CZ', 'DE', 'DK', 'DO', 'DZ', 'EC', 'EE', 'EG', 'ES', 'FI', 'FR', 'GB', 'GR', 'GT', 'HK', 'HN', 'HR', 'HU', 'ID', 'IE', 'IL', 'IN', 'IS', 'IT', 'JO', 'JP', 'KW', 'KZ', 'LB', 'LI', 'LT', 'LU', 'LV', 'MA', 'MC', 'MD', 'ME', 'MK', 'MT', 'MX', 'MY', 'NI', 'NL', 'NO', 'NZ', 'OM', 'PA', 'PE', 'PH', 'PL', 'PS', 'PT', 'PY', 'QA', 'RO', 'RS', 'RU', 'SA', 'SE', 'SG', 'SI', 'SK', 'SV', 'TH', 'TN', 'TR', 'TW', 'UA', 'US', 'UY', 'VN', 'XK', 'ZA']"
49,0FGxAEMIE5GhyFqFMHRWaO,"Endless Love - From ""The Endless Love"" Soundtrack",Lionel Richie - Diana Ross,65,0.2384737678855327,0.15526315789473683,0.4167507568113016,0.00464861908668307,0.6802787313624021,0.1945120601903076,Billboard_chart,2003,disco,"['CA', 'MX', 'US']"
50,3tjFYV6RSFtuktYl3ZtYcq,Mood (feat. iann dior),24kGoldn - iann dior,100,0.6263910969793323,0.6684210526315788,0.8993246914538537,0.03718895269346459,0.22529077214735874,0.7687541491480416,Spotify_chart,2020,rap,"['AD', 'AE', 'AL', 'AR', 'AT', 'AU', 'BA', 'BE', 'BG', 'BH', 'BO', 'BR', 'BY', 'CA', 'CH', 'CL', 'CO', 'CR', 'CY', 'CZ', 'DE', 'DK', 'DO', 'DZ', 'EC', 'EE', 'EG', 'ES', 'FI', 'FR', 'GB', 'GR', 'GT', 'HK', 'HN', 'HR', 'HU', 'ID', 'IE', 'IL', 'IN', 'IS', 'IT', 'JO', 'JP', 'KW', 'KZ', 'LB', 'LI', 'LT', 'LU', 'LV', 'MA', 'MC', 'MD', 'ME', 'MK', 'MT', 'MX', 'MY', 'NI', 'NL', 'NO', 'NZ', 'OM', 'PA', 'PE', 'PH', 'PL', 'PS', 'PT', 'PY', 'QA', 'RO', 'RS', 'RU', 'SA', 'SE', 'SG', 'SI', 'SK', 'SV', 'TH', 'TN', 'TR', 'TW', 'UA', 'US', 'UY', 'VN', 'XK', 'ZA']"
51,47EiUVwUp4C9fGccaPuUCS,Dakiti,Bad Bunny - Jhay Cortez,99,0.6756756756756757,0.47236842105263144,0.39470620197159045,0.08504238446814329,0.40974535020751146,0.09271962823633548,Spotify_chart,2020,latin,"['AD', 'AE', 'AL', 'AR', 'AT', 'AU', 'BA', 'BE', 'BG', 'BH', 'BO', 'BR', 'BY', 'CA', 'CH', 'CL', 'CO', 'CR', 'CY', 'CZ', 'DE', 'DK', 'DO', 'DZ', 'EC', 'EE', 'EG', 'ES', 'FI', 'FR', 'GB', 'GR', 'GT', 'HK', 'HN', 'HR', 'HU', 'ID', 'IE', 'IL', 'IN', 'IS', 'IT', 'JO', 'JP', 'KW', 'KZ', 'LB', 'LI', 'LT', 'LU', 'LV', 'MA', 'MC', 'MD', 'ME', 'MK', 'MT', 'MX', 'MY', 'NI', 'NL', 'NO', 'NZ', 'OM', 'PA', 'PE', 'PH', 'PL', 'PS', 'PT', 'PY', 'QA', 'RO', 'RS', 'RU', 'SA', 'SE', 'SG', 'SI', 'SK', 'SV', 'TH', 'TN', 'TR', 'TW', 'UA', 'US', 'UY', 'VN', 'XK', 'ZA']"
52,0t1kP63rueHleOhQkYSXFY,Dynamite,BTS,97,0.6995230524642291,0.725,0.83319102693472,0.2078206179928903,0.01029871394169186,0.747731799070591,Spotify_chart,2020,k-pop,"['AD', 'AE', 'AL', 'AR', 'AT', 'AU', 'BA', 'BE', 'BG', 'BH', 'BO', 'BR', 'BY', 'CA', 'CH', 'CL', 'CO', 'CR', 'CY', 'CZ', 'DE', 'DK', 'DO', 'DZ', 'EC', 'EE', 'EG', 'ES', 'FI', 'FR', 'GB', 'GR', 'GT', 'HK', 'HN', 'HR', 'HU', 'ID', 'IE', 'IL', 'IN', 'IS', 'IT', 'JO', 'JP', 'KW', 'KZ', 'LB', 'LI', 'LT', 'LU', 'LV', 'MA', 'MC', 'MD', 'ME', 'MK', 'MT', 'MX', 'MY', 'NI', 'NL', 'NO', 'NZ', 'OM', 'PA', 'PE', 'PH', 'PL', 'PS', 'PT', 'PY', 'QA', 'RO', 'RS', 'RU', 'SA', 'SE', 'SG', 'SI', 'SK', 'SV', 'TH', 'TN', 'TR', 'TW', 'UA', 'US', 'UY', 'VN', 'XK', 'ZA']"
53,0VjIjW4GlUZAMYd2vXMi3b,Blinding Lights,The Weeknd,96,0.33068362480127195,0.6789473684210525,0.7148955988511991,0.09980858627290128,0.00031767177332581837,0.3018366895330825,Spotify_chart,2020,pop,"['AD', 'AE', 'AL', 'AR', 'AT', 'AU', 'BA', 'BE', 'BG', 'BH', 'BO', 'BR', 'BY', 'CA', 'CH', 'CL', 'CO', 'CR', 'CY', 'CZ', 'DE', 'DK', 'DO', 'DZ', 'EC', 'EE', 'EG', 'ES', 'FI', 'FR', 'GB', 'GR', 'GT', 'HK', 'HN', 'HR', 'HU', 'ID', 'IE', 'IL', 'IN', 'IS', 'IT', 'JO', 'JP', 'KW', 'KZ', 'LB', 'LI', 'LT', 'LU', 'LV', 'MA', 'MC', 'MD', 'ME', 'MK', 'MT', 'MX', 'MY', 'NI', 'NL', 'NO', 'NZ', 'OM', 'PA', 'PE', 'PH', 'PL', 'PS', 'PT', 'PY', 'QA', 'RO', 'RS', 'RU', 'SA', 'SE', 'SG', 'SI', 'SK', 'SV', 'TH', 'TN', 'TR', 'TW', 'UA', 'US', 'UY', 'VN', 'XK', 'ZA']"
54,4Oun2ylbjFKMPTiaSbbCih,WAP (feat. Megan Thee Stallion),Cardi B - Megan Thee Stallion,96,1.0000000000000002,0.3157894736842104,0.5926414654971668,0.961717254580257,0.018701644719987708,0.32728479752157563,Spotify_chart,2020,pop,"['AD', 'AE', 'AL', 'AR', 'AT', 'AU', 'BA', 'BE', 'BG', 'BH', 'BO', 'BR', 'BY', 'CA', 'CH', 'CL', 'CO', 'CR', 'CY', 'CZ', 'DE', 'DK', 'DO', 'DZ', 'EC', 'EE', 'EG', 'ES', 'FI', 'FR', 'GB', 'GR', 'GT', 'HK', 'HN', 'HR', 'HU', 'ID', 'IE', 'IL', 'IN', 'IS', 'IT', 'JO', 'JP', 'KW', 'KZ', 'LB', 'LI', 'LT', 'LU', 'LV', 'MA', 'MC', 'MD', 'ME', 'MK', 'MT', 'MX', 'MY', 'NI', 'NL', 'NO', 'NZ', 'OM', 'PA', 'PE', 'PH', 'PL', 'PS', 'PT', 'PY', 'QA', 'RO', 'RS', 'RU', 'SA', 'SE', 'SG', 'SI', 'SK', 'SV', 'TH', 'TN', 'TR', 'TW', 'UA', 'US', 'UY', 'VN', 'XK', 'ZA']"
55,1tkg4EHVoqnhR6iFEXb60y,What You Know Bout Love,Pop Smoke,96,0.6406995230524644,0.4394736842105261,0.5162617402778855,0.9015586546349467,0.664907516524056,0.533082540385041,Spotify_chart,2020,drill,"['AD', 'AE', 'AL', 'AR', 'AT', 'AU', 'BA', 'BE', 'BG', 'BH', 'BO', 'BR', 'BY', 'CA', 'CH', 'CL', 'CO', 'CR', 'CY', 'CZ', 'DE', 'DK', 'DO', 'DZ', 'EC', 'EE', 'EG', 'ES', 'FI', 'FR', 'GB', 'GR', 'GT', 'HK', 'HN', 'HR', 'HU', 'ID', 'IE', 'IL', 'IN', 'IS', 'IT', 'JO', 'JP', 'KW', 'KZ', 'LB', 'LI', 'LT', 'LU', 'LV', 'MA', 'MC', 'MD', 'ME', 'MK', 'MT', 'MX', 'MY', 'NI', 'NL', 'NO', 'NZ', 'OM', 'PA', 'PE', 'PH', 'PL', 'PS', 'PT', 'PY', 'QA', 'RO', 'RS', 'RU', 'SA', 'SE', 'SG', 'SI', 'SK', 'SV', 'TH', 'TN', 'TR', 'TW', 'UA', 'US', 'UY', 'VN', 'XK', 'ZA']"
56,5u1n1kITHCxxp8twBcZxWy,Holy (feat. Chance The Rapper),Justin Bieber - Chance the Rapper,95,0.5834658187599364,0.6447368421052632,0.5501824109291312,0.9207000273448182,0.1996720807501153,0.34388138968798415,Spotify_chart,2020,pop,"['AD', 'AE', 'AL', 'AR', 'AT', 'AU', 'BA', 'BE', 'BG', 'BH', 'BO', 'BR', 'BY', 'CA', 'CH', 'CL', 'CO', 'CR', 'CY', 'CZ', 'DE', 'DK', 'DO', 'DZ', 'EC', 'EE', 'EG', 'ES', 'FI', 'FR', 'GB', 'GR', 'GT', 'HK', 'HN', 'HR', 'HU', 'ID', 'IE', 'IL', 'IN', 'IS', 'IT', 'JO', 'JP', 'KW', 'KZ', 'LB', 'LI', 'LT', 'LU', 'LV', 'MA', 'MC', 'MD', 'ME', 'MK', 'MT', 'MX', 'MY', 'NI', 'NL', 'NO', 'NZ', 'OM', 'PA', 'PE', 'PH', 'PL', 'PS', 'PT', 'PY', 'QA', 'RO', 'RS', 'RU', 'SA', 'SE', 'SG', 'SI', 'SK', 'SV', 'TH', 'TN', 'TR', 'TW', 'UA', 'US', 'UY', 'VN', 'XK', 'ZA']"
57,0PvFJmanyNQMseIFrU708S,For The Night (feat. Lil Baby & DaBaby),Pop Smoke,95,0.8219395866454691,0.48947368421052617,0.6627338352868121,0.48318293683347,0.11564277296715686,0.31622040274396995,Spotify_chart,2020,drill,"['AD', 'AE', 'AL', 'AR', 'AT', 'AU', 'BA', 'BE', 'BG', 'BH', 'BO', 'BR', 'BY', 'CA', 'CH', 'CL', 'CO', 'CR', 'CY', 'CZ', 'DE', 'DK', 'DO', 'DZ', 'EC', 'EE', 'EG', 'ES', 'FI', 'FR', 'GB', 'GR', 'GT', 'HK', 'HN', 'HR', 'HU', 'ID', 'IE', 'IL', 'IN', 'IS', 'IT', 'JO', 'JP', 'KW', 'KZ', 'LB', 'LI', 'LT', 'LU', 'LV', 'MA', 'MC', 'MD', 'ME', 'MK', 'MT', 'MX', 'MY', 'NI', 'NL', 'NO', 'NZ', 'OM', 'PA', 'PE', 'PH', 'PL', 'PS', 'PT', 'PY', 'QA', 'RO', 'RS', 'RU', 'SA', 'SE', 'SG', 'SI', 'SK', 'SV', 'TH', 'TN', 'TR', 'TW', 'UA', 'US', 'UY', 'VN', 'XK', 'ZA']"
58,45bE4HXI0AwGZXfZtMp8JR,you broke me first,Tate McRae,95,0.534181240063593,0.21052631578947367,0.4469455872079483,0.08531583264971289,0.8042731977250602,0.020690418234122585,Spotify_chart,2020,pop,"['AD', 'AE', 'AL', 'AR', 'AT', 'AU', 'BA', 'BE', 'BG', 'BH', 'BO', 'BR', 'BY', 'CA', 'CH', 'CL', 'CO', 'CR', 'CY', 'CZ', 'DE', 'DK', 'DO', 'DZ', 'EC', 'EE', 'EG', 'ES', 'FI', 'FR', 'GB', 'GR', 'GT', 'HK', 'HN', 'HR', 'HU', 'ID', 'IE', 'IL', 'IN', 'IS', 'IT', 'JO', 'JP', 'KW', 'KZ', 'LB', 'LI', 'LT', 'LU', 'LV', 'MA', 'MC', 'MD', 'ME', 'MK', 'MT', 'MX', 'MY', 'NI', 'NL', 'NO', 'NZ', 'OM', 'PA', 'PE', 'PH', 'PL', 'PS', 'PT', 'PY', 'QA', 'RO', 'RS', 'RU', 'SA', 'SE', 'SG', 'SI', 'SK', 'SV', 'TH', 'TN', 'TR', 'TW', 'UA', 'US', 'UY', 'VN', 'XK', 'ZA']"
59,4y4spB9m0Q6026KfkAvy9Q,Lonely (with benny blanco),Justin Bieber - benny blanco,95,0.5166931637519874,0.032894736842105254,0.6266397578203833,0.045118949958982774,0.8842035148844599,0.03485284354945785,Spotify_chart,2020,pop,"['AD', 'AE', 'AL', 'AR', 'AT', 'AU', 'BA', 'BE', 'BG', 'BH', 'BO', 'BR', 'BY', 'CA', 'CH', 'CL', 'CO', 'CR', 'CY', 'CZ', 'DE', 'DK', 'DO', 'DZ', 'EC', 'EE', 'EG', 'ES', 'FI', 'FR', 'GB', 'GR', 'GT', 'HK', 'HN', 'HR', 'HU', 'ID', 'IE', 'IL', 'IN', 'IS', 'IT', 'JO', 'JP', 'KW', 'KZ', 'LB', 'LI', 'LT', 'LU', 'LV', 'MA', 'MC', 'MD', 'ME', 'MK', 'MT', 'MX', 'MY', 'NI', 'NL', 'NO', 'NZ', 'OM', 'PA', 'PE', 'PH', 'PL', 'PS', 'PT', 'PY', 'QA', 'RO', 'RS', 'RU', 'SA', 'SE', 'SG', 'SI', 'SK', 'SV', 'TH', 'TN', 'TR', 'TW', 'UA', 'US', 'UY', 'VN', 'XK', 'ZA']"
60,35mvY5S1H3J2QZyna3TFe0,positions,Ariana Grande,95,0.685214626391097,0.7736842105263159,0.8051696033532562,0.17637407711238723,0.4784034431521238,0.6868776277937598,Spotify_chart,2020,pop,"['AD', 'AE', 'AL', 'AR', 'AT', 'AU', 'BA', 'BE', 'BG', 'BH', 'BO', 'BR', 'BY', 'CA', 'CH', 'CL', 'CO', 'CR', 'CY', 'CZ', 'DE', 'DK', 'DO', 'DZ', 'EC', 'EE', 'EG', 'ES', 'FI', 'FR', 'GB', 'GR', 'GT', 'HK', 'HN', 'HR', 'HU', 'ID', 'IE', 'IL', 'IN', 'IS', 'IT', 'JO', 'JP', 'KW', 'KZ', 'LB', 'LI', 'LT', 'LU', 'LV', 'MA', 'MC', 'MD', 'ME', 'MK', 'MT', 'MX', 'MY', 'NI', 'NL', 'NO', 'NZ', 'OM', 'PA', 'PE', 'PH', 'PL', 'PS', 'PT', 'PY', 'QA', 'RO', 'RS', 'RU', 'SA', 'SE', 'SG', 'SI', 'SK', 'SV', 'TH', 'TN', 'TR', 'TW', 'UA', 'US', 'UY', 'VN', 'XK', 'ZA']"
61,7ytR5pFWmSjzHJIeQkgog4,ROCKSTAR (feat. Roddy Ricch),DaBaby,94,0.6995230524642291,0.626315789473684,0.5579445781262128,0.3847415914684167,0.25193421120049186,0.48218632440805503,Spotify_chart,2020,rap,"['AD', 'AE', 'AL', 'AR', 'AT', 'AU', 'BA', 'BE', 'BG', 'BH', 'BO', 'BR', 'BY', 'CA', 'CH', 'CL', 'CO', 'CR', 'CY', 'CZ', 'DE', 'DK', 'DO', 'DZ', 'EC', 'EE', 'EG', 'ES', 'FI', 'FR', 'GB', 'GR', 'GT', 'HK', 'HN', 'HR', 'HU', 'ID', 'IE', 'IL', 'IN', 'IS', 'IT', 'JO', 'JP', 'KW', 'KZ', 'LB', 'LI', 'LT', 'LU', 'LV', 'MA', 'MC', 'MD', 'ME', 'MK', 'MT', 'MX', 'MY', 'NI', 'NL', 'NO', 'NZ', 'OM', 'PA', 'PE', 'PH', 'PL', 'PS', 'PT', 'PY', 'QA', 'RO', 'RS', 'RU', 'SA', 'SE', 'SG', 'SI', 'SK', 'SV', 'TH', 'TN', 'TR', 'TW', 'UA', 'US', 'UY', 'VN', 'XK', 'ZA']"
62,4xqrdfXkTW4T0RauPLv3WA,Heather,Conan Gray,94,0.0810810810810812,0.27763157894736834,0.6087867732670961,0.027344818156959258,0.5972741712353333,0.23102456295640633,Spotify_chart,2020,pop,"['AD', 'AE', 'AL', 'AR', 'AT', 'AU', 'BA', 'BE', 'BG', 'BH', 'BO', 'BR', 'CA', 'CH', 'CL', 'CO', 'CR', 'CY', 'CZ', 'DE', 'DK', 'DO', 'DZ', 'EC', 'EE', 'EG', 'ES', 'FI', 'FR', 'GB', 'GR', 'GT', 'HK', 'HN', 'HR', 'HU', 'ID', 'IE', 'IL', 'IN', 'IS', 'IT', 'JO', 'JP', 'KW', 'KZ', 'LB', 'LI', 'LT', 'LU', 'LV', 'MA', 'MC', 'MD', 'ME', 'MK', 'MT', 'MX', 'MY', 'NI', 'NL', 'NO', 'NZ', 'OM', 'PA', 'PE', 'PH', 'PL', 'PS', 'PT', 'PY', 'QA', 'RO', 'RS', 'RU', 'SA', 'SE', 'SG', 'SI', 'SK', 'SV', 'TH', 'TN', 'TR', 'TW', 'UA', 'US', 'UY', 'VN', 'XK', 'ZA']"
63,35UUpTmrcFXNIVIN26ujXl,Relación - Remix,Sech - Daddy Yankee - J Balvin,94,0.7742448330683624,0.7328947368421052,0.9102693472017387,0.19852337981952417,0.03335553619921095,0.8561628678911264,Spotify_chart,2020,latin,"['AD', 'AE', 'AL', 'AR', 'AT', 'AU', 'BA', 'BE', 'BG', 'BH', 'BO', 'BR', 'BY', 'CA', 'CH', 'CL', 'CO', 'CR', 'CY', 'CZ', 'DE', 'DK', 'DO', 'DZ', 'EC', 'EE', 'EG', 'ES', 'FI', 'FR', 'GB', 'GR', 'GT', 'HK', 'HN', 'HR', 'HU', 'ID', 'IE', 'IL', 'IN', 'IS', 'IT', 'JO', 'JP', 'KW', 'KZ', 'LB', 'LI', 'LT', 'LU', 'LV', 'MA', 'MC', 'MD', 'ME', 'MK', 'MT', 'MX', 'MY', 'NI', 'NL', 'NO', 'NZ', 'OM', 'PA', 'PE', 'PH', 'PL', 'PS', 'PT', 'PY', 'QA', 'RO', 'RS', 'RU', 'SA', 'SE', 'SG', 'SI', 'SK', 'SV', 'TH', 'TN', 'TR', 'TW', 'UA', 'US', 'UY', 'VN', 'XK', 'ZA']"
64,6cx06DFPPHchuUAcTxznu9,Head & Heart (feat. MNEK),Joel Corry - MNEK,94,0.6804451510333867,0.8684210526315791,0.9303733602421795,0.1173092698933552,0.17097914638520267,0.9336136313343661,Spotify_chart,2020,pop,"['AD', 'AE', 'AL', 'AR', 'AT', 'BA', 'BE', 'BG', 'BH', 'BO', 'BR', 'BY', 'CA', 'CH', 'CL', 'CO', 'CR', 'CY', 'CZ', 'DE', 'DK', 'DO', 'DZ', 'EC', 'EE', 'EG', 'ES', 'FI', 'FR', 'GB', 'GR', 'GT', 'HK', 'HN', 'HR', 'HU', 'ID', 'IE', 'IL', 'IN', 'IS', 'IT', 'JO', 'JP', 'KW', 'KZ', 'LB', 'LI', 'LT', 'LU', 'LV', 'MA', 'MC', 'MD', 'ME', 'MK', 'MT', 'MX', 'MY', 'NI', 'NL', 'NO', 'OM', 'PA', 'PE', 'PH', 'PL', 'PS', 'PT', 'PY', 'QA', 'RO', 'RS', 'RU', 'SA', 'SE', 'SG', 'SI', 'SK', 'SV', 'TH', 'TN', 'TR', 'TW', 'UA', 'US', 'UY', 'VN', 'XK', 'ZA']"
65,2SAqBLGA283SUiwJ3xOUVI,Laugh Now Cry Later (feat. Lil Durk),Drake - Lil Durk,94,0.723370429252782,0.4,0.48692074827291765,0.302707136997539,0.24885996823282266,0.5098473113520692,Spotify_chart,2020,rap,"['AD', 'AE', 'AL', 'AR', 'AT', 'AU', 'BA', 'BE', 'BG', 'BH', 'BO', 'BR', 'BY', 'CA', 'CH', 'CL', 'CO', 'CR', 'CY', 'CZ', 'DE', 'DK', 'DO', 'DZ', 'EC', 'EE', 'EG', 'ES', 'FI', 'FR', 'GB', 'GR', 'GT', 'HK', 'HN', 'HR', 'HU', 'ID', 'IE', 'IL', 'IN', 'IS', 'IT', 'JO', 'JP', 'KW', 'KZ', 'LB', 'LI', 'LT', 'LU', 'LV', 'MA', 'MC', 'MD', 'ME', 'MK', 'MT', 'MX', 'MY', 'NI', 'NL', 'NO', 'NZ', 'OM', 'PA', 'PE', 'PH', 'PL', 'PS', 'PT', 'PY', 'QA', 'RO', 'RS', 'RU', 'SA', 'SE', 'SG', 'SI', 'SK', 'SV', 'TH', 'TN', 'TR', 'TW', 'UA', 'US', 'UY', 'VN', 'XK', 'ZA']"
66,6UelLqGlWMcVH1E5c4H7lY,Watermelon Sugar,Harry Styles,94,0.3847376788553259,0.7921052631578945,0.8487929830008538,0.06343997812414547,0.12384075421427473,0.5485726930736889,Spotify_chart,2019,pop,"['AD', 'AE', 'AL', 'AR', 'AT', 'AU', 'BA', 'BE', 'BG', 'BH', 'BO', 'BR', 'BY', 'CA', 'CH', 'CL', 'CO', 'CR', 'CY', 'CZ', 'DE', 'DK', 'DO', 'DZ', 'EC', 'EE', 'EG', 'ES', 'FI', 'FR', 'GB', 'GR', 'GT', 'HK', 'HN', 'HR', 'HU', 'ID', 'IE', 'IL', 'IN', 'IS', 'IT', 'JO', 'JP', 'KW', 'KZ', 'LB', 'LI', 'LT', 'LU', 'LV', 'MA', 'MC', 'MD', 'ME', 'MK', 'MT', 'MX', 'MY', 'NI', 'NL', 'NO', 'NZ', 'OM', 'PA', 'PE', 'PH', 'PL', 'PS', 'PT', 'PY', 'QA', 'RO', 'RS', 'RU', 'SA', 'SE', 'SG', 'SI', 'SK', 'SV', 'TH', 'TN', 'TR', 'TW', 'UA', 'US', 'UY', 'VN', 'XK', 'ZA']"
67,0EhpEsp4L0oRGM0vmeaN5e,UN DIA (ONE DAY) (Feat. Tainy),J Balvin - Dua Lipa - Bad Bunny,93,0.4213036565977744,0.6302631578947367,0.5363657533183264,0.08531583264971289,0.004314187631295794,0.36711661872095597,Spotify_chart,2020,latin,"['AD', 'AE', 'AL', 'AR', 'AT', 'AU', 'BA', 'BE', 'BG', 'BH', 'BO', 'BR', 'BY', 'CA', 'CH', 'CL', 'CO', 'CR', 'CY', 'CZ', 'DE', 'DK', 'DO', 'DZ', 'EC', 'EE', 'EG', 'ES', 'FI', 'FR', 'GB', 'GR', 'GT', 'HK', 'HN', 'HR', 'HU', 'ID', 'IE', 'IL', 'IN', 'IS', 'IT', 'JO', 'JP', 'KW', 'KZ', 'LB', 'LI', 'LT', 'LU', 'LV', 'MA', 'MC', 'MD', 'ME', 'MK', 'MT', 'MX', 'MY', 'NI', 'NL', 'NO', 'NZ', 'OM', 'PA', 'PE', 'PH', 'PL', 'PS', 'PT', 'PY', 'QA', 'RO', 'RS', 'RU', 'SA', 'SE', 'SG', 'SI', 'SK', 'SV', 'TH', 'TN', 'TR', 'TW', 'UA', 'US', 'UY', 'VN', 'XK', 'ZA']"
68,6AGOKlMZWLCaEJGnaROtF9,Put Your Records On,Ritt Momney,93,0.14785373608903024,0.3644736842105263,0.3388962198245751,0.08340169537872573,0.05651483322231902,0.09935826510289889,Spotify_chart,2020,pop,"['AD', 'AE', 'AL', 'AR', 'AT', 'AU', 'BA', 'BE', 'BG', 'BH', 'BO', 'BR', 'BY', 'CA', 'CH', 'CL', 'CO', 'CR', 'CY', 'CZ', 'DE', 'DK', 'DO', 'DZ', 'EC', 'EE', 'EG', 'ES', 'FI', 'FR', 'GB', 'GR', 'GT', 'HK', 'HN', 'HR', 'HU', 'ID', 'IE', 'IL', 'IN', 'IS', 'IT', 'JO', 'JP', 'KW', 'KZ', 'LB', 'LI', 'LT', 'LU', 'LV', 'MA', 'MC', 'MD', 'ME', 'MK', 'MT', 'MX', 'MY', 'NI', 'NL', 'NO', 'NZ', 'OM', 'PA', 'PE', 'PH', 'PL', 'PS', 'PT', 'PY', 'QA', 'RO', 'RS', 'RU', 'SA', 'SE', 'SG', 'SI', 'SK', 'SV', 'TH', 'TN', 'TR', 'TW', 'UA', 'US', 'UY', 'VN', 'XK', 'ZA']"
69,5KCbr5ndeby4y4ggthdiAb,Wonder,Shawn Mendes,93,0.04292527821939579,0.556578947368421,0.7948459209811378,0.0951599671862182,0.1330634831172824,0.07833591502544812,Spotify_chart,2020,pop,"['AD', 'AE', 'AL', 'AR', 'AT', 'AU', 'BA', 'BE', 'BG', 'BH', 'BO', 'BR', 'BY', 'CA', 'CH', 'CL', 'CO', 'CR', 'CY', 'CZ', 'DE', 'DK', 'DO', 'DZ', 'EC', 'EE', 'EG', 'ES', 'FI', 'FR', 'GB', 'GR', 'GT', 'HK', 'HN', 'HR', 'HU', 'ID', 'IE', 'IL', 'IN', 'IS', 'IT', 'JO', 'JP', 'KW', 'KZ', 'LB', 'LI', 'LT', 'LU', 'LV', 'MA', 'MC', 'MD', 'ME', 'MK', 'MT', 'MX', 'MY', 'NI', 'NL', 'NO', 'NZ', 'OM', 'PA', 'PE', 'PH', 'PL', 'PS', 'PT', 'PY', 'QA', 'RO', 'RS', 'RU', 'SA', 'SE', 'SG', 'SI', 'SK', 'SV', 'TH', 'TN', 'TR', 'TW', 'UA', 'US', 'UY', 'VN', 'XK', 'ZA']"
70,4HYDUMY0xSpeBr0AMY9cUz,La Curiosidad,Jay Wheeler - DJ Nelson,93,0.8569157392686806,0.6092105263157894,0.8030738182100441,0.3081761006289308,0.27447865963006607,0.6846647488382387,Spotify_chart,2020,latin,"['AD', 'AE', 'AL', 'AR', 'AT', 'AU', 'BA', 'BE', 'BG', 'BH', 'BO', 'BR', 'BY', 'CA', 'CH', 'CL', 'CO', 'CR', 'CY', 'CZ', 'DE', 'DK', 'DO', 'DZ', 'EC', 'EE', 'EG', 'ES', 'FI', 'FR', 'GB', 'GR', 'GT', 'HK', 'HN', 'HR', 'HU', 'ID', 'IE', 'IL', 'IN', 'IS', 'IT', 'JO', 'JP', 'KW', 'KZ', 'LB', 'LI', 'LT', 'LU', 'LV', 'MA', 'MC', 'MD', 'ME', 'MK', 'MT', 'MX', 'MY', 'NI', 'NL', 'NO', 'NZ', 'OM', 'PA', 'PE', 'PH', 'PL', 'PS', 'PT', 'PY', 'QA', 'RO', 'RS', 'RU', 'SA', 'SE', 'SG', 'SI', 'SK', 'SV', 'TH', 'TN', 'TR', 'TW', 'UA', 'US', 'UY', 'VN', 'XK', 'ZA']"
71,11EnQRgRMJwMAesfkB5pnu,Se Te Nota (with Guaynaa),Lele Pons - Guaynaa,92,0.9523052464228936,0.6210526315789472,0.9308390902740045,0.11785616625649441,0.09176615258492597,0.9977871210444791,Spotify_chart,2020,pop,"['AD', 'AE', 'AL', 'AR', 'AT', 'AU', 'BA', 'BE', 'BG', 'BH', 'BO', 'BR', 'BY', 'CA', 'CH', 'CL', 'CO', 'CR', 'CY', 'CZ', 'DE', 'DK', 'DO', 'DZ', 'EC', 'EE', 'EG', 'ES', 'FI', 'FR', 'GB', 'GR', 'GT', 'HK', 'HN', 'HR', 'HU', 'ID', 'IE', 'IL', 'IN', 'IS', 'IT', 'JO', 'JP', 'KW', 'KZ', 'LB', 'LI', 'LT', 'LU', 'LV', 'MA', 'MC', 'MD', 'ME', 'MK', 'MT', 'MX', 'MY', 'NI', 'NL', 'NO', 'NZ', 'OM', 'PA', 'PE', 'PH', 'PL', 'PS', 'PT', 'PY', 'QA', 'RO', 'RS', 'RU', 'SA', 'SE', 'SG', 'SI', 'SK', 'SV', 'TH', 'TN', 'TR', 'TW', 'UA', 'US', 'UY', 'VN', 'XK', 'ZA']"
72,5y7DaS3jAc9eZzcSOoUIwU,Una Locura,Ozuna,92,0.6486486486486489,0.7197368421052629,0.8187533959481487,0.05304894722450096,0.1412614643644003,0.9347200708121266,Spotify_chart,2020,latin,"['AD', 'AE', 'AL', 'AR', 'AT', 'AU', 'BA', 'BE', 'BG', 'BH', 'BO', 'BR', 'BY', 'CA', 'CH', 'CL', 'CO', 'CR', 'CY', 'CZ', 'DE', 'DK', 'DO', 'DZ', 'EC', 'EE', 'EG', 'ES', 'FI', 'FR', 'GB', 'GR', 'GT', 'HK', 'HN', 'HR', 'HU', 'ID', 'IE', 'IL', 'IN', 'IS', 'IT', 'JO', 'JP', 'KW', 'KZ', 'LB', 'LI', 'LT', 'LU', 'LV', 'MA', 'MC', 'MD', 'ME', 'MK', 'MT', 'MX', 'MY', 'NI', 'NL', 'NO', 'NZ', 'OM', 'PA', 'PE', 'PH', 'PL', 'PS', 'PT', 'PY', 'QA', 'RO', 'RS', 'RU', 'SA', 'SE', 'SG', 'SI', 'SK', 'SV', 'TH', 'TN', 'TR', 'TW', 'UA', 'US', 'UY', 'VN', 'XK', 'ZA']"
73,59qrUpoplZxbIZxk6X0Bm3,Take You Dancing,Jason Derulo,92,0.7678855325914151,0.6539473684210525,0.845765737793992,0.048400328137817875,0.03284316237126608,0.76543483071476,Spotify_chart,2020,pop,"['AD', 'AE', 'AL', 'AR', 'AT', 'AU', 'BA', 'BE', 'BG', 'BH', 'BO', 'BR', 'BY', 'CA', 'CH', 'CL', 'CO', 'CR', 'CY', 'CZ', 'DE', 'DK', 'DO', 'DZ', 'EC', 'EE', 'EG', 'ES', 'FI', 'FR', 'GB', 'GR', 'GT', 'HK', 'HN', 'HR', 'HU', 'ID', 'IE', 'IL', 'IN', 'IS', 'IT', 'JO', 'JP', 'KW', 'KZ', 'LB', 'LI', 'LT', 'LU', 'LV', 'MA', 'MC', 'MD', 'ME', 'MK', 'MT', 'MX', 'MY', 'NI', 'NL', 'NO', 'NZ', 'OM', 'PA', 'PE', 'PH', 'PL', 'PS', 'PT', 'PY', 'QA', 'RO', 'RS', 'RU', 'SA', 'SE', 'SG', 'SI', 'SK', 'SV', 'TH', 'TN', 'TR', 'TW', 'UA', 'US', 'UY', 'VN', 'XK', 'ZA']"
74,73nAK3HgQK8dak83Y2WQ8F,Vida de Rico,Camilo,92,0.8235294117647061,0.3197368421052631,0.7541721648684312,0.08476893628657368,0.1699543987293129,0.9834034078335916,Spotify_chart,2020,pop,"['AD', 'AE', 'AL', 'AR', 'AT', 'AU', 'BA', 'BE', 'BG', 'BH', 'BO', 'BR', 'BY', 'CA', 'CH', 'CL', 'CO', 'CR', 'CY', 'CZ', 'DE', 'DK', 'DO', 'DZ', 'EC', 'EE', 'EG', 'ES', 'FI', 'FR', 'GB', 'GR', 'GT', 'HK', 'HN', 'HR', 'HU', 'ID', 'IE', 'IL', 'IN', 'IS', 'IT', 'JO', 'JP', 'KW', 'KZ', 'LB', 'LI', 'LT', 'LU', 'LV', 'MA', 'MC', 'MD', 'ME', 'MK', 'MT', 'MX', 'MY', 'NI', 'NL', 'NO', 'NZ', 'OM', 'PA', 'PE', 'PH', 'PL', 'PS', 'PT', 'PY', 'QA', 'RO', 'RS', 'RU', 'SA', 'SE', 'SG', 'SI', 'SK', 'SV', 'TH', 'TN', 'TR', 'TW', 'UA', 'US', 'UY', 'VN', 'XK', 'ZA']"
75,1xQ6trAsedVPCdbtDAmk0c,Savage Love (Laxed - Siren Beat),Jawsh 685 - Jason Derulo,92,0.7329093799682036,0.35131578947368425,0.5141659551346736,0.15586546349466773,0.23861249167392531,0.7742863465368444,Spotify_chart,2020,pop,"['AD', 'AE', 'AL', 'AR', 'AT', 'AU', 'BA', 'BE', 'BG', 'BH', 'BO', 'BR', 'BY', 'CA', 'CH', 'CL', 'CO', 'CR', 'CY', 'CZ', 'DE', 'DK', 'DO', 'DZ', 'EC', 'EE', 'EG', 'ES', 'FI', 'FR', 'GB', 'GR', 'GT', 'HK', 'HN', 'HR', 'HU', 'ID', 'IE', 'IL', 'IN', 'IS', 'IT', 'JO', 'JP', 'KW', 'KZ', 'LB', 'LI', 'LT', 'LU', 'LV', 'MA', 'MC', 'MD', 'ME', 'MK', 'MT', 'MX', 'MY', 'NI', 'NL', 'NO', 'NZ', 'OM', 'PA', 'PE', 'PH', 'PL', 'PS', 'PT', 'PY', 'QA', 'RO', 'RS', 'RU', 'SA', 'SE', 'SG', 'SI', 'SK', 'SV', 'TH', 'TN', 'TR', 'TW', 'UA', 'US', 'UY', 'VN', 'XK', 'ZA']"
76,27ycaQnQAxaPiyeg3nr2aB,Midnight Sky,Miley Cyrus,92,0.6343402225755168,0.7894736842105262,0.7512225413335403,0.03089964451736396,0.0,0.21885372870104008,Spotify_chart,2020,pop,"['AD', 'AE', 'AL', 'AR', 'AT', 'AU', 'BA', 'BE', 'BG', 'BH', 'BO', 'BR', 'BY', 'CA', 'CH', 'CL', 'CO', 'CR', 'CY', 'CZ', 'DE', 'DK', 'DO', 'DZ', 'EC', 'EE', 'EG', 'ES', 'FI', 'FR', 'GB', 'GR', 'GT', 'HK', 'HN', 'HR', 'HU', 'ID', 'IE', 'IL', 'IN', 'IS', 'IT', 'JO', 'JP', 'KW', 'KZ', 'LB', 'LI', 'LT', 'LU', 'LV', 'MA', 'MC', 'MD', 'ME', 'MK', 'MT', 'MX', 'MY', 'NI', 'NL', 'NO', 'NZ', 'OM', 'PA', 'PE', 'PH', 'PL', 'PS', 'PT', 'PY', 'QA', 'RO', 'RS', 'RU', 'SA', 'SG', 'SI', 'SK', 'SV', 'TH', 'TN', 'TR', 'TW', 'UA', 'US', 'UY', 'VN', 'XK', 'ZA']"
77,15OjBeqNX3bShsGYQbteRv,La Tóxica,Farruko,92,0.5612082670906202,0.6407894736842104,0.8567103935418767,0.3847415914684167,0.08920428344520163,0.6215976986058864,Spotify_chart,2020,latin,"['AD', 'AE', 'AL', 'AR', 'AT', 'AU', 'BA', 'BE', 'BG', 'BH', 'BO', 'BR', 'BY', 'CA', 'CH', 'CL', 'CO', 'CR', 'CY', 'CZ', 'DE', 'DK', 'DO', 'DZ', 'EC', 'EE', 'EG', 'ES', 'FI', 'FR', 'GB', 'GR', 'GT', 'HK', 'HN', 'HR', 'HU', 'ID', 'IE', 'IL', 'IN', 'IS', 'IT', 'JO', 'JP', 'KW', 'KZ', 'LB', 'LI', 'LT', 'LU', 'LV', 'MA', 'MC', 'MD', 'ME', 'MK', 'MT', 'MX', 'MY', 'NI', 'NL', 'NO', 'NZ', 'OM', 'PA', 'PE', 'PH', 'PL', 'PS', 'PT', 'PY', 'QA', 'RO', 'RS', 'RU', 'SA', 'SE', 'SG', 'SI', 'SK', 'SV', 'TH', 'TN', 'TR', 'TW', 'UA', 'US', 'UY', 'VN', 'XK', 'ZA']"
78,3H7ihDc1dqLriiWXwsc2po,Breaking Me,Topic - A7S,92,0.7678855325914151,0.6657894736842104,0.7367849103469688,0.5324036095159967,0.2273402674591382,0.6669617171940696,Spotify_chart,2019,edm,"['AD', 'AE', 'AL', 'AR', 'AT', 'AU', 'BA', 'BE', 'BG', 'BH', 'BO', 'BR', 'BY', 'CA', 'CH', 'CL', 'CO', 'CR', 'CY', 'CZ', 'DE', 'DK', 'DO', 'DZ', 'EC', 'EE', 'EG', 'ES', 'FI', 'FR', 'GB', 'GR', 'GT', 'HK', 'HN', 'HR', 'HU', 'ID', 'IE', 'IL', 'IN', 'IS', 'IT', 'JO', 'JP', 'KW', 'KZ', 'LB', 'LI', 'LT', 'LU', 'LV', 'MA', 'MC', 'MD', 'ME', 'MK', 'MT', 'MX', 'MY', 'NI', 'NL', 'NO', 'NZ', 'OM', 'PA', 'PE', 'PH', 'PL', 'PS', 'PT', 'PY', 'QA', 'RO', 'RS', 'RU', 'SA', 'SE', 'SG', 'SI', 'SK', 'SV', 'TH', 'TN', 'TR', 'TW', 'UA', 'US', 'UY', 'VN', 'XK', 'ZA']"
79,6Im9k8u9iIzKMrmV7BWtlF,34+35,Ariana Grande,92,0.8330683624801272,0.488157894736842,0.6728246526430178,0.19332786436970195,0.24168673464159451,0.4689090506749281,Spotify_chart,2020,pop,"['AD', 'AE', 'AL', 'AR', 'AT', 'AU', 'BA', 'BE', 'BG', 'BH', 'BO', 'BR', 'BY', 'CA', 'CH', 'CL', 'CO', 'CR', 'CY', 'CZ', 'DE', 'DK', 'DO', 'DZ', 'EC', 'EE', 'EG', 'ES', 'FI', 'FR', 'GB', 'GR', 'GT', 'HK', 'HN', 'HR', 'HU', 'ID', 'IE', 'IL', 'IN', 'IS', 'IT', 'JO', 'JP', 'KW', 'KZ', 'LB', 'LI', 'LT', 'LU', 'LV', 'MA', 'MC', 'MD', 'ME', 'MK', 'MT', 'MX', 'MY', 'NI', 'NL', 'NO', 'NZ', 'OM', 'PA', 'PE', 'PH', 'PL', 'PS', 'PT', 'PY', 'QA', 'RO', 'RS', 'RU', 'SA', 'SE', 'SG', 'SI', 'SK', 'SV', 'TH', 'TN', 'TR', 'TW', 'UA', 'US', 'UY', 'VN', 'XK', 'ZA']"
80,7ndTONDDRFGiPnnhOzOXxq,La Nota,Manuel Turizo - Rauw Alejandro - Myke Towers,91,0.6836248012718602,0.5499999999999999,0.7921291624621594,0.11348099535138091,0.1832761182558795,0.48882496127461833,Spotify_chart,2020,latin,"['AD', 'AE', 'AL', 'AR', 'AT', 'AU', 'BA', 'BE', 'BG', 'BH', 'BO', 'BR', 'BY', 'CA', 'CH', 'CL', 'CO', 'CR', 'CY', 'CZ', 'DE', 'DK', 'DO', 'DZ', 'EC', 'EE', 'EG', 'ES', 'FI', 'FR', 'GB', 'GR', 'GT', 'HK', 'HN', 'HR', 'HU', 'ID', 'IE', 'IL', 'IN', 'IS', 'IT', 'JO', 'JP', 'KW', 'KZ', 'LB', 'LI', 'LT', 'LU', 'LV', 'MA', 'MC', 'MD', 'ME', 'MK', 'MT', 'MX', 'MY', 'NI', 'NL', 'NO', 'NZ', 'OM', 'PA', 'PE', 'PH', 'PL', 'PS', 'PT', 'PY', 'QA', 'RO', 'RS', 'RU', 'SA', 'SE', 'SG', 'SI', 'SK', 'SV', 'TH', 'TN', 'TR', 'TW', 'UA', 'US', 'UY', 'VN', 'XK', 'ZA']"
81,54bFM56PmE4YLRnqpW6Tha,Therefore I Am,Billie Eilish,91,0.9268680445151034,0.16578947368421054,0.5721493440968718,0.12687995624829096,0.22221652917968954,0.7244965700376189,Spotify_chart,2020,pop,"['AD', 'AE', 'AL', 'AR', 'AT', 'AU', 'BA', 'BE', 'BG', 'BH', 'BO', 'BR', 'BY', 'CA', 'CH', 'CL', 'CO', 'CR', 'CY', 'CZ', 'DE', 'DK', 'DO', 'DZ', 'EC', 'EE', 'EG', 'ES', 'FI', 'FR', 'GB', 'GR', 'GT', 'HK', 'HN', 'HR', 'HU', 'ID', 'IE', 'IL', 'IN', 'IS', 'IT', 'JO', 'JP', 'KW', 'KZ', 'LB', 'LI', 'LT', 'LU', 'LV', 'MA', 'MC', 'MD', 'ME', 'MK', 'MT', 'MX', 'MY', 'NI', 'NL', 'NO', 'NZ', 'OM', 'PA', 'PE', 'PH', 'PL', 'PS', 'PT', 'PY', 'QA', 'RO', 'RS', 'RU', 'SA', 'SE', 'SG', 'SI', 'SK', 'SV', 'TH', 'TN', 'TR', 'TW', 'UA', 'US', 'UY', 'VN', 'XK', 'ZA']"
82,7hxHWCCAIIxFLCzvDgnQHX,"Lemonade (feat. Gunna, Don Toliver & NAV)",Internet Money,91,0.7853736089030208,0.5842105263157893,0.6987502910812697,0.15231063713426307,0.2550084541681611,0.44346094268643516,Spotify_chart,2020,rap,"['AD', 'AE', 'AL', 'AR', 'AT', 'AU', 'BA', 'BE', 'BG', 'BH', 'BO', 'BR', 'BY', 'CA', 'CH', 'CL', 'CO', 'CR', 'CY', 'CZ', 'DE', 'DK', 'DO', 'DZ', 'EC', 'EE', 'EG', 'ES', 'FI', 'FR', 'GB', 'GR', 'GT', 'HK', 'HN', 'HR', 'HU', 'ID', 'IE', 'IL', 'IN', 'IS', 'IT', 'JO', 'JP', 'KW', 'KZ', 'LB', 'LI', 'LT', 'LU', 'LV', 'MA', 'MC', 'MD', 'ME', 'MK', 'MT', 'MX', 'MY', 'NI', 'NL', 'NO', 'NZ', 'OM', 'PA', 'PE', 'PH', 'PL', 'PS', 'PT', 'PY', 'QA', 'RO', 'RS', 'RU', 'SA', 'SE', 'SG', 'SI', 'SK', 'SV', 'TH', 'TN', 'TR', 'TW', 'UA', 'US', 'UY', 'VN', 'XK', 'ZA']"
83,4RJz8NfIe09gpKMiRUWKhJ,Parce (feat. Justin Quiles),Maluma,91,0.6120826709062004,0.6907894736842106,0.9356516339361949,0.5624829094886519,0.43126505098119594,0.9103784023013941,Spotify_chart,2020,reggaeton,"['AD', 'AE', 'AL', 'AR', 'AT', 'AU', 'BA', 'BE', 'BG', 'BH', 'BO', 'BR', 'BY', 'CA', 'CH', 'CL', 'CO', 'CR', 'CY', 'CZ', 'DE', 'DK', 'DO', 'DZ', 'EC', 'EE', 'EG', 'ES', 'FI', 'FR', 'GB', 'GR', 'GT', 'HK', 'HN', 'HR', 'HU', 'ID', 'IE', 'IL', 'IN', 'IS', 'IT', 'JO', 'JP', 'KW', 'KZ', 'LB', 'LI', 'LT', 'LU', 'LV', 'MA', 'MC', 'MD', 'ME', 'MK', 'MT', 'MX', 'MY', 'NI', 'NL', 'NO', 'NZ', 'OM', 'PA', 'PE', 'PH', 'PL', 'PS', 'PT', 'PY', 'QA', 'RO', 'RS', 'RU', 'SA', 'SE', 'SG', 'SI', 'SK', 'SV', 'TH', 'TN', 'TR', 'TW', 'UA', 'US', 'UY', 'VN', 'XK', 'ZA']"
84,3GtnId3Cm1Xa6joCj08nzW,Jeans,Justin Quiles,91,0.7965023847376791,0.5815789473684209,0.8343553520142823,0.22340716434235708,0.01572987651790747,0.9170170391679575,Spotify_chart,2020,latin,"['AD', 'AE', 'AL', 'AR', 'AT', 'AU', 'BA', 'BE', 'BG', 'BH', 'BO', 'BR', 'BY', 'CA', 'CH', 'CL', 'CO', 'CR', 'CY', 'CZ', 'DE', 'DK', 'DO', 'DZ', 'EC', 'EE', 'EG', 'ES', 'FI', 'FR', 'GB', 'GR', 'GT', 'HK', 'HN', 'HR', 'HU', 'ID', 'IE', 'IL', 'IN', 'IS', 'IT', 'JO', 'JP', 'KW', 'KZ', 'LB', 'LI', 'LT', 'LU', 'LV', 'MA', 'MC', 'MD', 'ME', 'MK', 'MT', 'MX', 'MY', 'NI', 'NL', 'NO', 'NZ', 'OM', 'PA', 'PE', 'PH', 'PL', 'PS', 'PT', 'PY', 'QA', 'RO', 'RS', 'RU', 'SA', 'SE', 'SG', 'SI', 'SK', 'SV', 'TH', 'TN', 'TR', 'TW', 'UA', 'US', 'UY', 'VN', 'XK', 'ZA']"
85,7qEHsqek33rTcFNT9PFqLf,Someone You Loved,Lewis Capaldi,91,0.3100158982511924,0.25131578947368416,0.7346891252037568,0.023516543614984953,0.7684070297689194,0.425757911042266,Spotify_chart,2019,pop,"['AD', 'AE', 'AL', 'AR', 'AT', 'AU', 'BA', 'BE', 'BG', 'BH', 'BO', 'BR', 'BY', 'CA', 'CH', 'CL', 'CO', 'CR', 'CY', 'CZ', 'DE', 'DK', 'DO', 'DZ', 'EC', 'EE', 'EG', 'ES', 'FI', 'FR', 'GB', 'GR', 'GT', 'HK', 'HN', 'HR', 'HU', 'ID', 'IE', 'IL', 'IN', 'IS', 'IT', 'JO', 'JP', 'KW', 'KZ', 'LB', 'LI', 'LT', 'LU', 'LV', 'MA', 'MC', 'MD', 'ME', 'MK', 'MT', 'MX', 'MY', 'NI', 'NL', 'NO', 'NZ', 'OM', 'PA', 'PE', 'PH', 'PL', 'PS', 'PT', 'PY', 'QA', 'RO', 'RS', 'RU', 'SA', 'SE', 'SG', 'SI', 'SK', 'SV', 'TH', 'TN', 'TR', 'TW', 'UA', 'US', 'UY', 'VN', 'XK', 'ZA']"
86,2bgcUk2A3jjKbCJ7KPquTi,Mi Niña,Wisin - Myke Towers - Los Legendarios,90,0.8219395866454691,0.7986842105263156,0.9114336722813009,0.3902105550998086,0.3164933135215453,0.8074795308696614,Spotify_chart,2020,latin,"['AD', 'AE', 'AL', 'AR', 'AT', 'AU', 'BA', 'BE', 'BG', 'BH', 'BO', 'BR', 'BY', 'CA', 'CH', 'CL', 'CO', 'CR', 'CY', 'CZ', 'DE', 'DK', 'DO', 'DZ', 'EC', 'EE', 'EG', 'ES', 'FI', 'FR', 'GB', 'GR', 'GT', 'HK', 'HN', 'HR', 'HU', 'ID', 'IE', 'IL', 'IN', 'IS', 'IT', 'JO', 'JP', 'KW', 'KZ', 'LB', 'LI', 'LT', 'LU', 'LV', 'MA', 'MC', 'MD', 'ME', 'MK', 'MT', 'MX', 'MY', 'NI', 'NL', 'NO', 'NZ', 'OM', 'PA', 'PE', 'PH', 'PL', 'PS', 'PT', 'PY', 'QA', 'RO', 'RS', 'RU', 'SA', 'SE', 'SG', 'SI', 'SK', 'SV', 'TH', 'TN', 'TR', 'TW', 'UA', 'US', 'UY', 'VN', 'XK', 'ZA']"
87,7B3z0ySL9Rr0XvZEAjWZzM,Sofia,Clairo,90,0.6963434022257555,0.5328947368421052,0.41442210665217727,0.042931364506426026,0.6116206384177897,0.6415136092055764,Spotify_chart,2019,pop,"['AD', 'AE', 'AL', 'AR', 'AT', 'AU', 'BA', 'BE', 'BG', 'BH', 'BO', 'BR', 'BY', 'CA', 'CH', 'CL', 'CO', 'CR', 'CY', 'CZ', 'DE', 'DK', 'DO', 'DZ', 'EC', 'EE', 'EG', 'ES', 'FI', 'FR', 'GB', 'GR', 'GT', 'HK', 'HN', 'HR', 'HU', 'ID', 'IE', 'IL', 'IN', 'IS', 'IT', 'JO', 'JP', 'KW', 'KZ', 'LB', 'LI', 'LT', 'LU', 'LV', 'MA', 'MC', 'MD', 'ME', 'MK', 'MT', 'MX', 'MY', 'NI', 'NL', 'NO', 'NZ', 'OM', 'PA', 'PE', 'PH', 'PL', 'PS', 'PT', 'PY', 'QA', 'RO', 'RS', 'RU', 'SA', 'SE', 'SG', 'SI', 'SK', 'SV', 'TH', 'TN', 'TR', 'TW', 'UA', 'US', 'UY', 'VN', 'XK', 'ZA']"
88,3UoULw70kMsiVXxW0L3A33,pov,Ariana Grande,89,0.2877583465818761,0.42105263157894735,0.735853450283319,0.0880503144654088,0.36773069631603217,0.12369993361363135,Spotify_chart,2020,pop,"['AD', 'AE', 'AL', 'AR', 'AT', 'AU', 'BA', 'BE', 'BG', 'BH', 'BO', 'BR', 'BY', 'CA', 'CH', 'CL', 'CO', 'CR', 'CY', 'CZ', 'DE', 'DK', 'DO', 'DZ', 'EC', 'EE', 'EG', 'ES', 'FI', 'FR', 'GB', 'GR', 'GT', 'HK', 'HN', 'HR', 'HU', 'ID', 'IE', 'IL', 'IN', 'IS', 'IT', 'JO', 'JP', 'KW', 'KZ', 'LB', 'LI', 'LT', 'LU', 'LV', 'MA', 'MC', 'MD', 'ME', 'MK', 'MT', 'MX', 'MY', 'NI', 'NL', 'NO', 'NZ', 'OM', 'PA', 'PE', 'PH', 'PL', 'PS', 'PT', 'PY', 'QA', 'RO', 'RS', 'RU', 'SA', 'SE', 'SG', 'SI', 'SK', 'SV', 'TH', 'TN', 'TR', 'TW', 'UA', 'US', 'UY', 'VN', 'XK', 'ZA']"
89,1yoMvmasuxZfqHEipJhRbp,Hawái,Maluma,89,0.7583465818759936,0.6749999999999999,0.9073973453388186,1.0,0.1883998565353282,0.5496791325514494,Spotify_chart,2020,reggaeton,"['AD', 'AE', 'AL', 'AR', 'AT', 'AU', 'BA', 'BE', 'BG', 'BH', 'BO', 'BR', 'BY', 'CA', 'CH', 'CL', 'CO', 'CR', 'CY', 'CZ', 'DE', 'DK', 'DO', 'DZ', 'EC', 'EE', 'EG', 'ES', 'FI', 'FR', 'GB', 'GR', 'GT', 'HK', 'HN', 'HR', 'HU', 'ID', 'IE', 'IL', 'IN', 'IS', 'IT', 'JO', 'JP', 'KW', 'KZ', 'LB', 'LI', 'LT', 'LU', 'LV', 'MA', 'MC', 'MD', 'ME', 'MK', 'MT', 'MX', 'MY', 'NI', 'NL', 'NO', 'NZ', 'OM', 'PA', 'PE', 'PH', 'PL', 'PS', 'PT', 'PY', 'QA', 'RO', 'RS', 'RU', 'SA', 'SE', 'SG', 'SI', 'SK', 'SV', 'TH', 'TN', 'TR', 'TW', 'UA', 'US', 'UY', 'VN', 'XK', 'ZA']"
90,0GzuHFG4Ql6DoyxFRnIk3F,Hawái - Remix,Maluma - The Weeknd,89,0.7313195548489666,0.7552631578947367,0.932702010401304,0.7894449001914137,0.10642004406414922,0.6061075459172385,Spotify_chart,2020,reggaeton,"['AD', 'AE', 'AL', 'AR', 'AT', 'AU', 'BA', 'BE', 'BG', 'BH', 'BO', 'BR', 'BY', 'CA', 'CH', 'CL', 'CO', 'CR', 'CY', 'CZ', 'DE', 'DK', 'DO', 'DZ', 'EC', 'EE', 'EG', 'ES', 'FI', 'FR', 'GB', 'GR', 'GT', 'HK', 'HN', 'HR', 'HU', 'ID', 'IE', 'IL', 'IN', 'IS', 'IT', 'JO', 'JP', 'KW', 'KZ', 'LB', 'LI', 'LT', 'LU', 'LV', 'MA', 'MC', 'MD', 'ME', 'MK', 'MT', 'MX', 'MY', 'NI', 'NL', 'NO', 'NZ', 'OM', 'PA', 'PE', 'PH', 'PL', 'PS', 'PT', 'PY', 'QA', 'RO', 'RS', 'RU', 'SA', 'SE', 'SG', 'SI', 'SK', 'SV', 'TH', 'TN', 'TR', 'TW', 'UA', 'US', 'UY', 'VN', 'XK', 'ZA']"
91,7vrJn5hDSXRmdXoR30KgF1,BICHOTA,KAROL G,89,0.8855325914149443,0.594736842105263,0.8527516882713653,0.3519278096800656,0.2160680432443511,0.8594821863244082,Spotify_chart,2020,latin,"['AD', 'AE', 'AL', 'AR', 'AT', 'AU', 'BA', 'BE', 'BG', 'BH', 'BO', 'BR', 'BY', 'CA', 'CH', 'CL', 'CO', 'CR', 'CY', 'CZ', 'DE', 'DK', 'DO', 'DZ', 'EC', 'EE', 'EG', 'ES', 'FI', 'FR', 'GB', 'GR', 'GT', 'HK', 'HN', 'HR', 'HU', 'ID', 'IE', 'IL', 'IN', 'IS', 'IT', 'JO', 'JP', 'KW', 'KZ', 'LB', 'LI', 'LT', 'LU', 'LV', 'MA', 'MC', 'MD', 'ME', 'MK', 'MT', 'MX', 'MY', 'NI', 'NL', 'NO', 'NZ', 'OM', 'PA', 'PE', 'PH', 'PL', 'PS', 'PT', 'PY', 'QA', 'RO', 'RS', 'RU', 'SA', 'SE', 'SG', 'SI', 'SK', 'SV', 'TH', 'TN', 'TR', 'TW', 'UA', 'US', 'UY', 'VN', 'XK', 'ZA']"
92,45S5WTQEGOB1VHr1Q4FuPl,Golden,Harry Styles,89,0.2257551669316375,0.8210526315789471,0.7674454707754403,0.08859721082854798,0.21401854793257163,0.21332153131223724,Spotify_chart,2019,pop,"['AD', 'AE', 'AL', 'AR', 'AT', 'AU', 'BA', 'BE', 'BG', 'BH', 'BO', 'BR', 'BY', 'CA', 'CH', 'CL', 'CO', 'CR', 'CY', 'CZ', 'DE', 'DK', 'DO', 'DZ', 'EC', 'EE', 'EG', 'ES', 'FI', 'FR', 'GB', 'GR', 'GT', 'HK', 'HN', 'HR', 'HU', 'ID', 'IE', 'IL', 'IN', 'IS', 'IT', 'JO', 'JP', 'KW', 'KZ', 'LB', 'LI', 'LT', 'LU', 'LV', 'MA', 'MC', 'MD', 'ME', 'MK', 'MT', 'MX', 'MY', 'NI', 'NL', 'NO', 'NZ', 'OM', 'PA', 'PE', 'PH', 'PL', 'PS', 'PT', 'PY', 'QA', 'RO', 'RS', 'RU', 'SA', 'SE', 'SG', 'SI', 'SK', 'SV', 'TH', 'TN', 'TR', 'TW', 'UA', 'US', 'UY', 'VN', 'XK', 'ZA']"
93,21N4Buj4xsyLb218lYle61,Chica Ideal,Sebastian Yatra - Guaynaa,88,0.42607313195548485,0.8907894736842102,0.8910191725529767,0.36560021875854526,0.08561766664958755,0.7145386147377739,Spotify_chart,2020,latin,"['AD', 'AE', 'AL', 'AR', 'AT', 'AU', 'BA', 'BE', 'BG', 'BH', 'BO', 'BR', 'BY', 'CA', 'CH', 'CL', 'CO', 'CR', 'CY', 'CZ', 'DE', 'DK', 'DO', 'DZ', 'EC', 'EE', 'EG', 'ES', 'FI', 'FR', 'GB', 'GR', 'GT', 'HK', 'HN', 'HR', 'HU', 'ID', 'IE', 'IL', 'IN', 'IS', 'IT', 'JO', 'JP', 'KW', 'KZ', 'LB', 'LI', 'LT', 'LU', 'LV', 'MA', 'MC', 'MD', 'ME', 'MK', 'MT', 'MX', 'MY', 'NI', 'NL', 'NO', 'NZ', 'OM', 'PA', 'PE', 'PH', 'PL', 'PS', 'PT', 'PY', 'QA', 'RO', 'RS', 'RU', 'SA', 'SE', 'SG', 'SI', 'SK', 'SV', 'TH', 'TN', 'TR', 'TW', 'UA', 'US', 'UY', 'VN', 'XK', 'ZA']"
94,2gMXnyrvIjhVBUZwvLZDMP,Before You Go,Lewis Capaldi,86,0.24324324324324326,0.47499999999999987,0.7984165178917952,0.09297238173366147,0.617769124353128,0.134764328391237,Spotify_chart,2019,pop,"['AD', 'AE', 'AL', 'AR', 'AT', 'AU', 'BA', 'BE', 'BG', 'BH', 'BO', 'BR', 'BY', 'CA', 'CH', 'CL', 'CO', 'CR', 'CY', 'CZ', 'DE', 'DK', 'DO', 'DZ', 'EC', 'EE', 'EG', 'ES', 'FI', 'FR', 'GB', 'GR', 'GT', 'HK', 'HN', 'HR', 'HU', 'ID', 'IE', 'IL', 'IN', 'IS', 'IT', 'JO', 'JP', 'KW', 'KZ', 'LB', 'LI', 'LT', 'LU', 'LV', 'MA', 'MC', 'MD', 'ME', 'MK', 'MT', 'MX', 'MY', 'NI', 'NL', 'NO', 'NZ', 'OM', 'PA', 'PE', 'PH', 'PL', 'PS', 'PT', 'PY', 'QA', 'RO', 'RS', 'RU', 'SA', 'SE', 'SG', 'SI', 'SK', 'SV', 'TH', 'TN', 'TR', 'TW', 'UA', 'US', 'UY', 'VN', 'XK', 'ZA']"
95,0bYg9bo50gSsH3LtXe2SQn,All I Want for Christmas Is You,Mariah Carey,86,0.04769475357710656,0.5434210526315789,0.5962120624078242,0.04129067541700847,0.1668801557616437,0.3195397211772516,Spotify_chart,1994,pop,"['AD', 'AE', 'AL', 'AR', 'AT', 'AU', 'BA', 'BE', 'BG', 'BH', 'BO', 'BR', 'BY', 'CA', 'CH', 'CL', 'CO', 'CR', 'CY', 'CZ', 'DE', 'DK', 'DO', 'DZ', 'EC', 'EE', 'EG', 'ES', 'FI', 'FR', 'GB', 'GR', 'GT', 'HK', 'HN', 'HR', 'HU', 'ID', 'IE', 'IL', 'IN', 'IS', 'IT', 'JO', 'JP', 'KW', 'KZ', 'LB', 'LI', 'LT', 'LU', 'LV', 'MA', 'MC', 'MD', 'ME', 'MK', 'MT', 'MX', 'MY', 'NI', 'NL', 'NO', 'NZ', 'OM', 'PA', 'PE', 'PH', 'PL', 'PS', 'PT', 'PY', 'QA', 'RO', 'RS', 'RU', 'SA', 'SE', 'SG', 'SI', 'SK', 'SV', 'TH', 'TN', 'TR', 'TW', 'UA', 'US', 'UY', 'VN', 'XK', 'ZA']"
96,6zFMeegAMYQo0mt8rXtrli,HOLIDAY,Lil Nas X,81,0.8012718600953896,0.39078947368421046,0.6380501436000932,0.3847415914684167,0.12179125890249527,0.8583757468466477,Spotify_chart,2020,rap,"['AD', 'AE', 'AL', 'AR', 'AT', 'AU', 'BA', 'BE', 'BG', 'BH', 'BO', 'BR', 'BY', 'CA', 'CH', 'CL', 'CO', 'CR', 'CY', 'CZ', 'DE', 'DK', 'DO', 'DZ', 'EC', 'EE', 'EG', 'ES', 'FI', 'FR', 'GB', 'GR', 'GT', 'HK', 'HN', 'HR', 'HU', 'ID', 'IE', 'IL', 'IN', 'IS', 'IT', 'JO', 'JP', 'KW', 'KZ', 'LB', 'LI', 'LT', 'LU', 'LV', 'MA', 'MC', 'MD', 'ME', 'MK', 'MT', 'MX', 'MY', 'NI', 'NL', 'NO', 'NZ', 'OM', 'PA', 'PE', 'PH', 'PL', 'PS', 'PT', 'PY', 'QA', 'RO', 'RS', 'RU', 'SA', 'SE', 'SG', 'SI', 'SK', 'SV', 'TH', 'TN', 'TR', 'TW', 'UA', 'US', 'UY', 'VN', 'XK', 'ZA']"
97,2Wo6QQD1KMDWeFkkjLqwx5,Roses - Imanbek Remix,SAINt JHN - Imanbek,80,0.7615262321144676,0.6671052631578946,0.7519211363812774,0.07465135356849877,0.014090280268483886,0.9214427970789998,Spotify_chart,2019,rap,['US']
98,5nujrmhLynf4yMoMtj8AQF,Levitating (feat. DaBaby),Dua Lipa,77,0.6295707472178063,0.8039473684210524,0.8815493285725373,0.10062893081761005,0.00787006199723318,0.9446780261119718,Spotify_chart,2020,pop,"['AD', 'AE', 'AL', 'AR', 'AU', 'BA', 'BE', 'BG', 'BH', 'BO', 'BR', 'BY', 'CA', 'CL', 'CO', 'CR', 'CY', 'CZ', 'DK', 'DO', 'DZ', 'EC', 'EE', 'EG', 'ES', 'FI', 'FR', 'GB', 'GR', 'GT', 'HK', 'HN', 'HR', 'HU', 'ID', 'IE', 'IL', 'IN', 'IS', 'IT', 'JO', 'JP', 'KW', 'KZ', 'LB', 'LI', 'LT', 'LU', 'LV', 'MA', 'MC', 'MD', 'ME', 'MK', 'MT', 'MX', 'MY', 'NI', 'NL', 'NO', 'NZ', 'OM', 'PA', 'PE', 'PH', 'PL', 'PS', 'PT', 'PY', 'QA', 'RO', 'RS', 'RU', 'SA', 'SE', 'SG', 'SI', 'SK', 'SV', 'TH', 'TN', 'TR', 'TW', 'UA', 'US', 'UY', 'VN', 'XK', 'ZA']"
99,1rgnBhdG2JDFTbYkYRZAku,Dance Monkey,Tones And I,70,0.8251192368839428,0.49868421052631573,0.6786462780408289,0.20645337708504236,0.703847927447866,0.5297632219517594,Spotify_chart,2019,pop,"['AU', 'NZ']"
